label	space	form	placement	memory_model	channel	condition	x	lo	mid	hi	p_gt0
log-cspl5-n1n2.mapjitter.klw	log	cspl5	n1n2	independent	n1	ips	6.999999999999999	0.18971989845066137	0.24746518455880986	0.3159757897866535	
log-cspl5-n1n2.mapjitter.klw	log	cspl5	n1n2	independent	n1	ips	7.515760138376834	0.21763260040840748	0.2678671106524429	0.3276447295832927	
log-cspl5-n1n2.mapjitter.klw	log	cspl5	n1n2	independent	n1	ips	8.069521493944878	0.24097255608083193	0.2878196308549737	0.3434599019914426	
log-cspl5-n1n2.mapjitter.klw	log	cspl5	n1n2	independent	n1	ips	8.664083997137997	0.25923514840832146	0.3065702303871588	0.36361385972927385	
log-cspl5-n1n2.mapjitter.klw	log	cspl5	n1n2	independent	n1	ips	9.302453877319767	0.27349634085015734	0.32370157195011395	0.38563060637218544	
log-cspl5-n1n2.mapjitter.klw	log	cspl5	n1n2	independent	n1	ips	9.987858862892702	0.2848878437909028	0.33877932798502797	0.4072541376718862	
log-cspl5-n1n2.mapjitter.klw	log	cspl5	n1n2	independent	n1	ips	10.723764501351818	0.29424776950047365	0.3515471639917489	0.42558267728831917	
log-cspl5-n1n2.mapjitter.klw	log	cspl5	n1n2	independent	n1	ips	11.513891681800072	0.30221582216654325	0.3614003666797782	0.43862715374941547	
log-cspl5-n1n2.mapjitter.klw	log	cspl5	n1n2	independent	n1	ips	12.36223544852308	0.30904930613117304	0.3678733408732898	0.4449599996147192	
log-cspl5-n1n2.mapjitter.klw	log	cspl5	n1n2	independent	n1	ips	13.273085200748401	0.31449425212594195	0.3706541003597239	0.4438356063381188	
log-cspl5-n1n2.mapjitter.klw	log	cspl5	n1n2	independent	n1	ips	14.25104638072347	0.31759576493384806	0.36959063569399864	0.43592962137275254	
log-cspl5-n1n2.mapjitter.klw	log	cspl5	n1n2	independent	n1	ips	15.301063759771553	0.31735887597046364	0.365519011229453	0.42468917292820524	
log-cspl5-n1n2.mapjitter.klw	log	cspl5	n1n2	independent	n1	ips	16.428446440064768	0.31347423552514875	0.35903479134360466	0.4136677126777544	
log-cspl5-n1n2.mapjitter.klw	log	cspl5	n1n2	independent	n1	ips	17.638894698528226	0.30610987920360916	0.35094180930746854	0.40515427962037776	
log-cspl5-n1n2.mapjitter.klw	log	cspl5	n1n2	independent	n1	ips	18.93852880860355	0.2965545909151303	0.3422830115403603	0.3984603982409739	
log-cspl5-n1n2.mapjitter.klw	log	cspl5	n1n2	independent	n1	ips	20.33391998560055	0.2877419683694052	0.33412339057703194	0.3914592742985162	
log-cspl5-n1n2.mapjitter.klw	log	cspl5	n1n2	independent	n1	ips	21.832123612102944	0.28189944904888803	0.32709084152196155	0.38282449630894344	
log-cspl5-n1n2.mapjitter.klw	log	cspl5	n1n2	independent	n1	ips	23.440714911422706	0.2790886396769542	0.3211287817775349	0.3725216721021455	
log-cspl5-n1n2.mapjitter.klw	log	cspl5	n1n2	independent	n1	ips	25.16782724947517	0.2778340618010455	0.3161583504618748	0.36244705453859266	
log-cspl5-n1n2.mapjitter.klw	log	cspl5	n1n2	independent	n1	ips	27.0221932587371	0.27702009271883254	0.31192577018258166	0.35387524492727596	
log-cspl5-n1n2.mapjitter.klw	log	cspl5	n1n2	independent	n1	ips	29.01318899221878	0.2750905452159147	0.30846526144432174	0.3478659226139997	
log-cspl5-n1n2.mapjitter.klw	log	cspl5	n1n2	independent	n1	ips	31.150881330701633	0.2718523459361498	0.30566231869102	0.3450339486504798	
log-cspl5-n1n2.mapjitter.klw	log	cspl5	n1n2	independent	n1	ips	33.44607888294205	0.2676178746858278	0.3034321505207338	0.3443141013831057	
log-cspl5-n1n2.mapjitter.klw	log	cspl5	n1n2	independent	n1	ips	35.910386636203285	0.2636429606339417	0.3018041315098045	0.34458975006864556	
log-cspl5-n1n2.mapjitter.klw	log	cspl5	n1n2	independent	n1	ips	38.55626463343953	0.2600071433346762	0.30074678993460646	0.34566359211172903	
log-cspl5-n1n2.mapjitter.klw	log	cspl5	n1n2	independent	n1	ips	41.397090973816184	0.2572221131264156	0.3002508824100412	0.34686123539217095	
log-cspl5-n1n2.mapjitter.klw	log	cspl5	n1n2	independent	n1	ips	44.44722945510957	0.25549192206135024	0.3001432720648007	0.3479951633237547	
log-cspl5-n1n2.mapjitter.klw	log	cspl5	n1n2	independent	n1	ips	47.722102200000165	0.2549373878592854	0.30053466529237394	0.34915849396200116	
log-cspl5-n1n2.mapjitter.klw	log	cspl5	n1n2	independent	n1	ips	51.23826763347237	0.25506440394908936	0.3012851719982508	0.3504193844818466	
log-cspl5-n1n2.mapjitter.klw	log	cspl5	n1n2	independent	n1	ips	55.01350420559078	0.25614157273585225	0.3023628920634597	0.35191499476759575	
log-cspl5-n1n2.mapjitter.klw	log	cspl5	n1n2	independent	n1	ips	59.0669002829722	0.2576933146421	0.303726483737296	0.35355040199098664	
log-cspl5-n1n2.mapjitter.klw	log	cspl5	n1n2	independent	n1	ips	63.4189506634631	0.2595139200857032	0.3053843343835139	0.35599417487401375	
log-cspl5-n1n2.mapjitter.klw	log	cspl5	n1n2	independent	n1	ips	68.0916602020204	0.2613605663632804	0.30737202616047	0.3589935647546166	
log-cspl5-n1n2.mapjitter.klw	log	cspl5	n1n2	independent	n1	ips	73.10865507174931	0.26325043729029607	0.3094731120589286	0.3626548606994229	
log-cspl5-n1n2.mapjitter.klw	log	cspl5	n1n2	independent	n1	ips	78.49530222265639	0.264807351138294	0.3117986885697467	0.3671796742706143	
log-cspl5-n1n2.mapjitter.klw	log	cspl5	n1n2	independent	n1	ips	84.27883764212618	0.2658015280304616	0.3142826894404025	0.37252418953151417	
log-cspl5-n1n2.mapjitter.klw	log	cspl5	n1n2	independent	n1	ips	90.48850406563211	0.2660025771523224	0.3168381644614594	0.37895388528501617	
log-cspl5-n1n2.mapjitter.klw	log	cspl5	n1n2	independent	n1	ips	97.15569883397539	0.26567842730458474	0.31964175973057185	0.38631087447466994	
log-cspl5-n1n2.mapjitter.klw	log	cspl5	n1n2	independent	n1	ips	104.31413264464811	0.264549293274087	0.32252893665317983	0.3939491847344289	
log-cspl5-n1n2.mapjitter.klw	log	cspl5	n1n2	independent	n1	ips	111.99999999999996	0.26294312380554924	0.3253628824246747	0.40228413661276774	
log-cspl5-n1n2.mapjitter.klw	log	cspl5	n1n2	independent	n1	vertex	6.999999999999999	0.17852126633485688	0.24025593413545643	0.31515324328818295	
log-cspl5-n1n2.mapjitter.klw	log	cspl5	n1n2	independent	n1	vertex	7.515760138376834	0.1980952509851859	0.2518034346751302	0.3165023134327209	
log-cspl5-n1n2.mapjitter.klw	log	cspl5	n1n2	independent	n1	vertex	8.069521493944878	0.2143858501762862	0.2631487943132159	0.32140369396751045	
log-cspl5-n1n2.mapjitter.klw	log	cspl5	n1n2	independent	n1	vertex	8.664083997137997	0.22606471279846113	0.2739744566664749	0.33104105037255677	
log-cspl5-n1n2.mapjitter.klw	log	cspl5	n1n2	independent	n1	vertex	9.302453877319767	0.23433978228243635	0.28372644852157947	0.34299851882677773	
log-cspl5-n1n2.mapjitter.klw	log	cspl5	n1n2	independent	n1	vertex	9.987858862892702	0.2408101359198825	0.29233235132472757	0.35552340658086506	
log-cspl5-n1n2.mapjitter.klw	log	cspl5	n1n2	independent	n1	vertex	10.723764501351818	0.24602991511380207	0.2998049173481331	0.36753889544402474	
log-cspl5-n1n2.mapjitter.klw	log	cspl5	n1n2	independent	n1	vertex	11.513891681800072	0.25082350575747736	0.3060310904465702	0.37599750469250304	
log-cspl5-n1n2.mapjitter.klw	log	cspl5	n1n2	independent	n1	vertex	12.36223544852308	0.2560704449538138	0.3106483942949609	0.3797011663132264	
log-cspl5-n1n2.mapjitter.klw	log	cspl5	n1n2	independent	n1	vertex	13.273085200748401	0.2619053544406958	0.31344539800795707	0.3789317877429251	
log-cspl5-n1n2.mapjitter.klw	log	cspl5	n1n2	independent	n1	vertex	14.25104638072347	0.2672578317701667	0.3143640817672888	0.3736966912227463	
log-cspl5-n1n2.mapjitter.klw	log	cspl5	n1n2	independent	n1	vertex	15.301063759771553	0.27068257949997987	0.3139149532882507	0.3665208064259604	
log-cspl5-n1n2.mapjitter.klw	log	cspl5	n1n2	independent	n1	vertex	16.428446440064768	0.2710777852399442	0.31197820081792105	0.3613323350209264	
log-cspl5-n1n2.mapjitter.klw	log	cspl5	n1n2	independent	n1	vertex	17.638894698528226	0.2684258311210378	0.30915207001676004	0.3592397468683887	
log-cspl5-n1n2.mapjitter.klw	log	cspl5	n1n2	independent	n1	vertex	18.93852880860355	0.2636620859205533	0.30588768689169854	0.35826491551402156	
log-cspl5-n1n2.mapjitter.klw	log	cspl5	n1n2	independent	n1	vertex	20.33391998560055	0.25971862259653916	0.3027715158981397	0.35657896374313336	
log-cspl5-n1n2.mapjitter.klw	log	cspl5	n1n2	independent	n1	vertex	21.832123612102944	0.25791046796412004	0.3001823459036317	0.35287054867634016	
log-cspl5-n1n2.mapjitter.klw	log	cspl5	n1n2	independent	n1	vertex	23.440714911422706	0.25779735049489444	0.2981754491730432	0.34776698859166005	
log-cspl5-n1n2.mapjitter.klw	log	cspl5	n1n2	independent	n1	vertex	25.16782724947517	0.2581634533701276	0.2965322467642094	0.3430574829617116	
log-cspl5-n1n2.mapjitter.klw	log	cspl5	n1n2	independent	n1	vertex	27.0221932587371	0.2579658823652441	0.2953126944950508	0.34060067192191407	
log-cspl5-n1n2.mapjitter.klw	log	cspl5	n1n2	independent	n1	vertex	29.01318899221878	0.2563053243876363	0.2945878004399324	0.3412377789537703	
log-cspl5-n1n2.mapjitter.klw	log	cspl5	n1n2	independent	n1	vertex	31.150881330701633	0.2532647753356651	0.29430696510190457	0.3440163458509521	
log-cspl5-n1n2.mapjitter.klw	log	cspl5	n1n2	independent	n1	vertex	33.44607888294205	0.24982866976202264	0.29463584199279247	0.34774527714051034	
log-cspl5-n1n2.mapjitter.klw	log	cspl5	n1n2	independent	n1	vertex	35.910386636203285	0.24708998296145462	0.2954686940767073	0.3519423016497765	
log-cspl5-n1n2.mapjitter.klw	log	cspl5	n1n2	independent	n1	vertex	38.55626463343953	0.24553751802316892	0.29679625801352844	0.3561099282311258	
log-cspl5-n1n2.mapjitter.klw	log	cspl5	n1n2	independent	n1	vertex	41.397090973816184	0.24520007483244222	0.29858238266974657	0.35999386483169543	
log-cspl5-n1n2.mapjitter.klw	log	cspl5	n1n2	independent	n1	vertex	44.44722945510957	0.24573979773022042	0.30081202471090995	0.3633755019134643	
log-cspl5-n1n2.mapjitter.klw	log	cspl5	n1n2	independent	n1	vertex	47.722102200000165	0.24729393670815727	0.30350685946649203	0.3667851506003171	
log-cspl5-n1n2.mapjitter.klw	log	cspl5	n1n2	independent	n1	vertex	51.23826763347237	0.24975559840876402	0.3063728719701414	0.3704727037803137	
log-cspl5-n1n2.mapjitter.klw	log	cspl5	n1n2	independent	n1	vertex	55.01350420559078	0.2529107019165677	0.3096085331736659	0.37462253050918576	
log-cspl5-n1n2.mapjitter.klw	log	cspl5	n1n2	independent	n1	vertex	59.0669002829722	0.25609642116212505	0.31311411540779266	0.37913749217095927	
log-cspl5-n1n2.mapjitter.klw	log	cspl5	n1n2	independent	n1	vertex	63.4189506634631	0.25955136747748625	0.3167850957021906	0.38452363641837217	
log-cspl5-n1n2.mapjitter.klw	log	cspl5	n1n2	independent	n1	vertex	68.0916602020204	0.2628482285070633	0.3206029610140335	0.39095332363745566	
log-cspl5-n1n2.mapjitter.klw	log	cspl5	n1n2	independent	n1	vertex	73.10865507174931	0.26570156370236553	0.32457749709250167	0.39826439183449447	
log-cspl5-n1n2.mapjitter.klw	log	cspl5	n1n2	independent	n1	vertex	78.49530222265639	0.2677808800331279	0.3288068015701635	0.4066796517726019	
log-cspl5-n1n2.mapjitter.klw	log	cspl5	n1n2	independent	n1	vertex	84.27883764212618	0.26904352760210076	0.33305806151906747	0.41643139866255025	
log-cspl5-n1n2.mapjitter.klw	log	cspl5	n1n2	independent	n1	vertex	90.48850406563211	0.26936084075033884	0.33749196513768653	0.42760735037358205	
log-cspl5-n1n2.mapjitter.klw	log	cspl5	n1n2	independent	n1	vertex	97.15569883397539	0.26903153480169484	0.34197576437336685	0.43946551389689337	
log-cspl5-n1n2.mapjitter.klw	log	cspl5	n1n2	independent	n1	vertex	104.31413264464811	0.26748762615935434	0.34656836694163873	0.45212339496225884	
log-cspl5-n1n2.mapjitter.klw	log	cspl5	n1n2	independent	n1	vertex	111.99999999999996	0.2656677849144131	0.3511720272462651	0.4653386433353845	
log-cspl5-n1n2.mapjitter.klw	log	cspl5	n1n2	independent	n2	ips	6.999999999999999	0.13583069995325214	0.20259549256254566	0.27422901105237923	
log-cspl5-n1n2.mapjitter.klw	log	cspl5	n1n2	independent	n2	ips	7.515760138376834	0.1433478427900556	0.20168937012329158	0.26410179382605053	
log-cspl5-n1n2.mapjitter.klw	log	cspl5	n1n2	independent	n2	ips	8.069521493944878	0.14833621613494352	0.20092259336021195	0.2563957820214733	
log-cspl5-n1n2.mapjitter.klw	log	cspl5	n1n2	independent	n2	ips	8.664083997137997	0.15076864865495518	0.20007326935464687	0.2519728202724408	
log-cspl5-n1n2.mapjitter.klw	log	cspl5	n1n2	independent	n2	ips	9.302453877319767	0.15047186996612633	0.19939426204278626	0.2511899404355515	
log-cspl5-n1n2.mapjitter.klw	log	cspl5	n1n2	independent	n2	ips	9.987858862892702	0.14900538635058905	0.19886455468221192	0.25241226446794857	
log-cspl5-n1n2.mapjitter.klw	log	cspl5	n1n2	independent	n2	ips	10.723764501351818	0.14727825001345	0.1986079176935942	0.25438827213054954	
log-cspl5-n1n2.mapjitter.klw	log	cspl5	n1n2	independent	n2	ips	11.513891681800072	0.14670254498341737	0.19862674147489534	0.25538202594116616	
log-cspl5-n1n2.mapjitter.klw	log	cspl5	n1n2	independent	n2	ips	12.36223544852308	0.14818668030391385	0.19909991242016511	0.25512205201067784	
log-cspl5-n1n2.mapjitter.klw	log	cspl5	n1n2	independent	n2	ips	13.273085200748401	0.15204946727657018	0.20005149389722354	0.25262683581879436	
log-cspl5-n1n2.mapjitter.klw	log	cspl5	n1n2	independent	n2	ips	14.25104638072347	0.1577845991785271	0.20149542321179495	0.248540374209352	
log-cspl5-n1n2.mapjitter.klw	log	cspl5	n1n2	independent	n2	ips	15.301063759771553	0.1638202058820784	0.20329598170298127	0.24526820573387367	
log-cspl5-n1n2.mapjitter.klw	log	cspl5	n1n2	independent	n2	ips	16.428446440064768	0.16843721354408386	0.2051858845091039	0.2442391685160798	
log-cspl5-n1n2.mapjitter.klw	log	cspl5	n1n2	independent	n2	ips	17.638894698528226	0.1711530087890014	0.20717151535153133	0.24656037674190703	
log-cspl5-n1n2.mapjitter.klw	log	cspl5	n1n2	independent	n2	ips	18.93852880860355	0.17210144235499203	0.20938251952616777	0.2507436946836611	
log-cspl5-n1n2.mapjitter.klw	log	cspl5	n1n2	independent	n2	ips	20.33391998560055	0.17317785039859054	0.2116442771951319	0.25406365777636697	
log-cspl5-n1n2.mapjitter.klw	log	cspl5	n1n2	independent	n2	ips	21.832123612102944	0.17593054326576574	0.21406891465311645	0.2553312531141177	
log-cspl5-n1n2.mapjitter.klw	log	cspl5	n1n2	independent	n2	ips	23.440714911422706	0.1801844310530669	0.21653476738304112	0.25492463843092844	
log-cspl5-n1n2.mapjitter.klw	log	cspl5	n1n2	independent	n2	ips	25.16782724947517	0.18487194430945642	0.2191006003380209	0.2542047470177927	
log-cspl5-n1n2.mapjitter.klw	log	cspl5	n1n2	independent	n2	ips	27.0221932587371	0.18921145993376343	0.22175375486174154	0.25433063645191056	
log-cspl5-n1n2.mapjitter.klw	log	cspl5	n1n2	independent	n2	ips	29.01318899221878	0.19235063726534876	0.22449159246875852	0.2564239184743592	
log-cspl5-n1n2.mapjitter.klw	log	cspl5	n1n2	independent	n2	ips	31.150881330701633	0.19413022023060905	0.2274518656317726	0.26027093343010205	
log-cspl5-n1n2.mapjitter.klw	log	cspl5	n1n2	independent	n2	ips	33.44607888294205	0.19526680683327124	0.23069204159293383	0.26531959350107404	
log-cspl5-n1n2.mapjitter.klw	log	cspl5	n1n2	independent	n2	ips	35.910386636203285	0.1963753579607561	0.23411138954358499	0.2705853412323193	
log-cspl5-n1n2.mapjitter.klw	log	cspl5	n1n2	independent	n2	ips	38.55626463343953	0.19803068391745246	0.23769458608043287	0.27572700781785997	
log-cspl5-n1n2.mapjitter.klw	log	cspl5	n1n2	independent	n2	ips	41.397090973816184	0.200458972237729	0.241471537636059	0.28076956428962	
log-cspl5-n1n2.mapjitter.klw	log	cspl5	n1n2	independent	n2	ips	44.44722945510957	0.20332309293609804	0.24534752986679326	0.2856252070621576	
log-cspl5-n1n2.mapjitter.klw	log	cspl5	n1n2	independent	n2	ips	47.722102200000165	0.20694496822954273	0.24946720595198774	0.29014781504661236	
log-cspl5-n1n2.mapjitter.klw	log	cspl5	n1n2	independent	n2	ips	51.23826763347237	0.21106161095820805	0.2536920912137307	0.29463965091067335	
log-cspl5-n1n2.mapjitter.klw	log	cspl5	n1n2	independent	n2	ips	55.01350420559078	0.21581176575068828	0.25794425239757557	0.29924214681551997	
log-cspl5-n1n2.mapjitter.klw	log	cspl5	n1n2	independent	n2	ips	59.0669002829722	0.22065052311012723	0.2623055516449145	0.30376873265815535	
log-cspl5-n1n2.mapjitter.klw	log	cspl5	n1n2	independent	n2	ips	63.4189506634631	0.22555797958282542	0.26679375109392456	0.3088131045759799	
log-cspl5-n1n2.mapjitter.klw	log	cspl5	n1n2	independent	n2	ips	68.0916602020204	0.230011634683725	0.27135030372964714	0.31426128094765887	
log-cspl5-n1n2.mapjitter.klw	log	cspl5	n1n2	independent	n2	ips	73.10865507174931	0.2340563961531275	0.2759613765705566	0.320489012460801	
log-cspl5-n1n2.mapjitter.klw	log	cspl5	n1n2	independent	n2	ips	78.49530222265639	0.23758788565307284	0.2806376938549839	0.3275788120344834	
log-cspl5-n1n2.mapjitter.klw	log	cspl5	n1n2	independent	n2	ips	84.27883764212618	0.24050174107759767	0.2854650985426617	0.3354171443339578	
log-cspl5-n1n2.mapjitter.klw	log	cspl5	n1n2	independent	n2	ips	90.48850406563211	0.2422680225067115	0.2903601915517894	0.3440441640840235	
log-cspl5-n1n2.mapjitter.klw	log	cspl5	n1n2	independent	n2	ips	97.15569883397539	0.24358528010864386	0.2953020507860158	0.35354046993693994	
log-cspl5-n1n2.mapjitter.klw	log	cspl5	n1n2	independent	n2	ips	104.31413264464811	0.24422733788616569	0.3002807073205612	0.36338840048521337	
log-cspl5-n1n2.mapjitter.klw	log	cspl5	n1n2	independent	n2	ips	111.99999999999996	0.24432291099708417	0.3052339865152363	0.37392534180820947	
log-cspl5-n1n2.mapjitter.klw	log	cspl5	n1n2	independent	n2	vertex	6.999999999999999	0.11330576183784072	0.1752437107591471	0.24337604477429653	
log-cspl5-n1n2.mapjitter.klw	log	cspl5	n1n2	independent	n2	vertex	7.515760138376834	0.11899995697171366	0.1725398115495614	0.23076571844677995	
log-cspl5-n1n2.mapjitter.klw	log	cspl5	n1n2	independent	n2	vertex	8.069521493944878	0.12222801618330693	0.17009387484255506	0.22097293300621815	
log-cspl5-n1n2.mapjitter.klw	log	cspl5	n1n2	independent	n2	vertex	8.664083997137997	0.12302432443777625	0.1678443672962845	0.21484848635491896	
log-cspl5-n1n2.mapjitter.klw	log	cspl5	n1n2	independent	n2	vertex	9.302453877319767	0.12153734247708066	0.16606348331568394	0.21216104761919607	
log-cspl5-n1n2.mapjitter.klw	log	cspl5	n1n2	independent	n2	vertex	9.987858862892702	0.11934547008576378	0.1647918163783897	0.21209206755105123	
log-cspl5-n1n2.mapjitter.klw	log	cspl5	n1n2	independent	n2	vertex	10.723764501351818	0.11759897707231999	0.16435745953153025	0.21354092543017583	
log-cspl5-n1n2.mapjitter.klw	log	cspl5	n1n2	independent	n2	vertex	11.513891681800072	0.11770788547251548	0.1649021964382531	0.2152063305759959	
log-cspl5-n1n2.mapjitter.klw	log	cspl5	n1n2	independent	n2	vertex	12.36223544852308	0.12037737183476409	0.16668408009851737	0.21646108186922924	
log-cspl5-n1n2.mapjitter.klw	log	cspl5	n1n2	independent	n2	vertex	13.273085200748401	0.12591176348800984	0.1698829502722397	0.21729227504935064	
log-cspl5-n1n2.mapjitter.klw	log	cspl5	n1n2	independent	n2	vertex	14.25104638072347	0.13353730252729967	0.17442689694206376	0.21805328008487418	
log-cspl5-n1n2.mapjitter.klw	log	cspl5	n1n2	independent	n2	vertex	15.301063759771553	0.14090375651573123	0.1798532445076551	0.2207941740988255	
log-cspl5-n1n2.mapjitter.klw	log	cspl5	n1n2	independent	n2	vertex	16.428446440064768	0.14680526318591394	0.18559453816008092	0.22753455979455708	
log-cspl5-n1n2.mapjitter.klw	log	cspl5	n1n2	independent	n2	vertex	17.638894698528226	0.15047937816282309	0.19149628938558677	0.23708518390271507	
log-cspl5-n1n2.mapjitter.klw	log	cspl5	n1n2	independent	n2	vertex	18.93852880860355	0.15337868737002164	0.19714336300380947	0.24627198284585064	
log-cspl5-n1n2.mapjitter.klw	log	cspl5	n1n2	independent	n2	vertex	20.33391998560055	0.15707181294325306	0.20225265049781888	0.25258782647134015	
log-cspl5-n1n2.mapjitter.klw	log	cspl5	n1n2	independent	n2	vertex	21.832123612102944	0.16255814724641304	0.20657174180058724	0.2549437500138592	
log-cspl5-n1n2.mapjitter.klw	log	cspl5	n1n2	independent	n2	vertex	23.440714911422706	0.16936495843371804	0.21025876181018993	0.25425218590507415	
log-cspl5-n1n2.mapjitter.klw	log	cspl5	n1n2	independent	n2	vertex	25.16782724947517	0.17625777101460147	0.2135012908198757	0.25221817821580333	
log-cspl5-n1n2.mapjitter.klw	log	cspl5	n1n2	independent	n2	vertex	27.0221932587371	0.18192429910692703	0.21635962431153483	0.25137947930702853	
log-cspl5-n1n2.mapjitter.klw	log	cspl5	n1n2	independent	n2	vertex	29.01318899221878	0.18522744229736762	0.21919398194801748	0.25352601258040974	
log-cspl5-n1n2.mapjitter.klw	log	cspl5	n1n2	independent	n2	vertex	31.150881330701633	0.18660637888884304	0.2221980285729181	0.258445604174505	
log-cspl5-n1n2.mapjitter.klw	log	cspl5	n1n2	independent	n2	vertex	33.44607888294205	0.18689212516638848	0.2256614889228072	0.2649422635424195	
log-cspl5-n1n2.mapjitter.klw	log	cspl5	n1n2	independent	n2	vertex	35.910386636203285	0.18718497851992394	0.22943011284663206	0.27157577028850105	
log-cspl5-n1n2.mapjitter.klw	log	cspl5	n1n2	independent	n2	vertex	38.55626463343953	0.18829992474252788	0.23357953731430398	0.27832304595626595	
log-cspl5-n1n2.mapjitter.klw	log	cspl5	n1n2	independent	n2	vertex	41.397090973816184	0.19011621945585475	0.2379831392072101	0.2849006185877368	
log-cspl5-n1n2.mapjitter.klw	log	cspl5	n1n2	independent	n2	vertex	44.44722945510957	0.1927239204934124	0.24264478605532572	0.2911702047817341	
log-cspl5-n1n2.mapjitter.klw	log	cspl5	n1n2	independent	n2	vertex	47.722102200000165	0.19639428546732834	0.24752395803096633	0.2970638012424851	
log-cspl5-n1n2.mapjitter.klw	log	cspl5	n1n2	independent	n2	vertex	51.23826763347237	0.20055562445098965	0.2525459395121872	0.30304775859141087	
log-cspl5-n1n2.mapjitter.klw	log	cspl5	n1n2	independent	n2	vertex	55.01350420559078	0.2052886616068285	0.2577027130807824	0.3096621446878532	
log-cspl5-n1n2.mapjitter.klw	log	cspl5	n1n2	independent	n2	vertex	59.0669002829722	0.21063769614016067	0.26311621929609696	0.3167225214301192	
log-cspl5-n1n2.mapjitter.klw	log	cspl5	n1n2	independent	n2	vertex	63.4189506634631	0.2155965996954888	0.26847705825494017	0.32444551684934425	
log-cspl5-n1n2.mapjitter.klw	log	cspl5	n1n2	independent	n2	vertex	68.0916602020204	0.22040295190795609	0.2740916651073062	0.3331167429061014	
log-cspl5-n1n2.mapjitter.klw	log	cspl5	n1n2	independent	n2	vertex	73.10865507174931	0.2248754937760237	0.27977644017522446	0.342460595532482	
log-cspl5-n1n2.mapjitter.klw	log	cspl5	n1n2	independent	n2	vertex	78.49530222265639	0.22837049760241504	0.28561790263229303	0.3529688625699403	
log-cspl5-n1n2.mapjitter.klw	log	cspl5	n1n2	independent	n2	vertex	84.27883764212618	0.23118654929019053	0.29144213934891255	0.3642803738973519	
log-cspl5-n1n2.mapjitter.klw	log	cspl5	n1n2	independent	n2	vertex	90.48850406563211	0.23305452025934661	0.2975307315726653	0.376576081061323	
log-cspl5-n1n2.mapjitter.klw	log	cspl5	n1n2	independent	n2	vertex	97.15569883397539	0.2338864808793569	0.30365428339813505	0.3894942612408215	
log-cspl5-n1n2.mapjitter.klw	log	cspl5	n1n2	independent	n2	vertex	104.31413264464811	0.23450277589367613	0.3098303964355227	0.4032908875722137	
log-cspl5-n1n2.mapjitter.klw	log	cspl5	n1n2	independent	n2	vertex	111.99999999999996	0.23410177846276006	0.3160513591286557	0.4173399654220652	
log-cspl5-n1n2.mapjitter.klw	log	cspl5	n1n2	independent	n2	delta_pct	6.999999999999999	-15.607307021529353	15.666855127981371	60.62370332758116	
log-cspl5-n1n2.mapjitter.klw	log	cspl5	n1n2	independent	n2	delta_pct	7.515760138376834	-10.915669468457468	16.983954880096707	55.10113512426798	
log-cspl5-n1n2.mapjitter.klw	log	cspl5	n1n2	independent	n2	delta_pct	8.069521493944878	-7.5862691724310825	18.20560904697386	52.6409449364504	
log-cspl5-n1n2.mapjitter.klw	log	cspl5	n1n2	independent	n2	delta_pct	8.664083997137997	-6.230661182838901	19.35475673459758	53.51392611798395	
log-cspl5-n1n2.mapjitter.klw	log	cspl5	n1n2	independent	n2	delta_pct	9.302453877319767	-6.278060113158978	20.23128184541538	56.52426795897306	
log-cspl5-n1n2.mapjitter.klw	log	cspl5	n1n2	independent	n2	delta_pct	9.987858862892702	-7.54599142769704	20.84322095078698	60.26410879451384	
log-cspl5-n1n2.mapjitter.klw	log	cspl5	n1n2	independent	n2	delta_pct	10.723764501351818	-8.958526759838685	20.982289462190874	63.107266444557645	
log-cspl5-n1n2.mapjitter.klw	log	cspl5	n1n2	independent	n2	delta_pct	11.513891681800072	-9.860906023812756	20.55822142784495	63.6782450796732	
log-cspl5-n1n2.mapjitter.klw	log	cspl5	n1n2	independent	n2	delta_pct	12.36223544852308	-10.151047219146085	19.484216646072426	60.9325103210547	
log-cspl5-n1n2.mapjitter.klw	log	cspl5	n1n2	independent	n2	delta_pct	13.273085200748401	-9.738540908417018	17.753174076735633	55.26205702977573	
log-cspl5-n1n2.mapjitter.klw	log	cspl5	n1n2	independent	n2	delta_pct	14.25104638072347	-9.14669436808124	15.510005226285283	48.090244858384075	
log-cspl5-n1n2.mapjitter.klw	log	cspl5	n1n2	independent	n2	delta_pct	15.301063759771553	-8.977763992518014	12.97813513211895	41.71371774890565	
log-cspl5-n1n2.mapjitter.klw	log	cspl5	n1n2	independent	n2	delta_pct	16.428446440064768	-10.080506162120221	10.481426534282223	37.09953342505761	
log-cspl5-n1n2.mapjitter.klw	log	cspl5	n1n2	independent	n2	delta_pct	17.638894698528226	-12.295177586283016	8.167319130225138	34.790257014149724	
log-cspl5-n1n2.mapjitter.klw	log	cspl5	n1n2	independent	n2	delta_pct	18.93852880860355	-14.678459961508308	6.193650876475953	33.66747409834915	
log-cspl5-n1n2.mapjitter.klw	log	cspl5	n1n2	independent	n2	delta_pct	20.33391998560055	-16.138412377934785	4.642554564878909	32.05727964786412	
log-cspl5-n1n2.mapjitter.klw	log	cspl5	n1n2	independent	n2	delta_pct	21.832123612102944	-16.20334094896305	3.6021809497275514	29.39466862789634	
log-cspl5-n1n2.mapjitter.klw	log	cspl5	n1n2	independent	n2	delta_pct	23.440714911422706	-15.212519570864993	2.95554427781779	26.054220472899885	
log-cspl5-n1n2.mapjitter.klw	log	cspl5	n1n2	independent	n2	delta_pct	25.16782724947517	-13.677897925368605	2.6177642297518178	22.8566249536991	
log-cspl5-n1n2.mapjitter.klw	log	cspl5	n1n2	independent	n2	delta_pct	27.0221932587371	-12.351029938974664	2.4821148692546924	20.403833462081348	
log-cspl5-n1n2.mapjitter.klw	log	cspl5	n1n2	independent	n2	delta_pct	29.01318899221878	-11.742006618837376	2.400022212881081	19.272955675496863	
log-cspl5-n1n2.mapjitter.klw	log	cspl5	n1n2	independent	n2	delta_pct	31.150881330701633	-11.952442244483747	2.3092907580492317	19.46341558630384	
log-cspl5-n1n2.mapjitter.klw	log	cspl5	n1n2	independent	n2	delta_pct	33.44607888294205	-12.582597743872553	2.162993302952032	20.224935115491604	
log-cspl5-n1n2.mapjitter.klw	log	cspl5	n1n2	independent	n2	delta_pct	35.910386636203285	-13.319048105510866	1.9680978359925327	21.05903531300674	
log-cspl5-n1n2.mapjitter.klw	log	cspl5	n1n2	independent	n2	delta_pct	38.55626463343953	-13.997677302906162	1.701692645527586	21.6839036726049	
log-cspl5-n1n2.mapjitter.klw	log	cspl5	n1n2	independent	n2	delta_pct	41.397090973816184	-14.443652196728088	1.4080411893746758	22.013184625232498	
log-cspl5-n1n2.mapjitter.klw	log	cspl5	n1n2	independent	n2	delta_pct	44.44722945510957	-14.744581430047749	1.0695410966866437	21.896795666211517	
log-cspl5-n1n2.mapjitter.klw	log	cspl5	n1n2	independent	n2	delta_pct	47.722102200000165	-14.949801591453244	0.703229518822579	21.526924364887336	
log-cspl5-n1n2.mapjitter.klw	log	cspl5	n1n2	independent	n2	delta_pct	51.23826763347237	-15.02540362395502	0.35445795464961183	20.799082248712686	
log-cspl5-n1n2.mapjitter.klw	log	cspl5	n1n2	independent	n2	delta_pct	55.01350420559078	-15.047687067383109	0.008300103061897879	19.954748905212288	
log-cspl5-n1n2.mapjitter.klw	log	cspl5	n1n2	independent	n2	delta_pct	59.0669002829722	-15.242920337935063	-0.3549171280560981	19.092100278792735	
log-cspl5-n1n2.mapjitter.klw	log	cspl5	n1n2	independent	n2	delta_pct	63.4189506634631	-15.572693598965923	-0.7178541754667866	18.40692474297434	
log-cspl5-n1n2.mapjitter.klw	log	cspl5	n1n2	independent	n2	delta_pct	68.0916602020204	-16.091295768830722	-1.09358176569061	17.932961688195075	
log-cspl5-n1n2.mapjitter.klw	log	cspl5	n1n2	independent	n2	delta_pct	73.10865507174931	-16.884477915452145	-1.433943988161307	17.79278300481945	
log-cspl5-n1n2.mapjitter.klw	log	cspl5	n1n2	independent	n2	delta_pct	78.49530222265639	-17.819610398875493	-1.7925894054695357	18.152385407823715	
log-cspl5-n1n2.mapjitter.klw	log	cspl5	n1n2	independent	n2	delta_pct	84.27883764212618	-18.97422743267207	-2.1325453618358137	18.945762025576872	
log-cspl5-n1n2.mapjitter.klw	log	cspl5	n1n2	independent	n2	delta_pct	90.48850406563211	-20.422009547701645	-2.4589595000364617	20.108498439852575	
log-cspl5-n1n2.mapjitter.klw	log	cspl5	n1n2	independent	n2	delta_pct	97.15569883397539	-21.876957664987167	-2.817814247668876	21.630884784771375	
log-cspl5-n1n2.mapjitter.klw	log	cspl5	n1n2	independent	n2	delta_pct	104.31413264464811	-23.350129542226778	-3.1522163838963504	23.285137802221968	
log-cspl5-n1n2.mapjitter.klw	log	cspl5	n1n2	independent	n2	delta_pct	111.99999999999996	-24.929386855202562	-3.5391623453972176	25.443252455464048	
log-cspl5-n1n2.mapjitter.klw	log	cspl5	n1n2	independent	n2	delta	6.999999999999999	-0.03198479985935341	0.02703102058588036	0.0880034676517453	0.8194583333333333
log-cspl5-n1n2.mapjitter.klw	log	cspl5	n1n2	independent	n2	delta	7.515760138376834	-0.021772703146212963	0.02897436985576253	0.08143985174568329	0.8705277777777778
log-cspl5-n1n2.mapjitter.klw	log	cspl5	n1n2	independent	n2	delta	8.069521493944878	-0.014499656692002538	0.030712475445891896	0.0778183367107322	0.9088194444444444
log-cspl5-n1n2.mapjitter.klw	log	cspl5	n1n2	independent	n2	delta	8.664083997137997	-0.01160312136452152	0.032217354126539435	0.07796594105757147	0.9255833333333333
log-cspl5-n1n2.mapjitter.klw	log	cspl5	n1n2	independent	n2	delta	9.302453877319767	-0.011776978621542887	0.03348904478273347	0.0805586332434712	0.9260833333333334
log-cspl5-n1n2.mapjitter.klw	log	cspl5	n1n2	independent	n2	delta	9.987858862892702	-0.014183807169536116	0.03418348897249451	0.08391951651465047	0.9172777777777777
log-cspl5-n1n2.mapjitter.klw	log	cspl5	n1n2	independent	n2	delta	10.723764501351818	-0.016722636940414363	0.0342666371258975	0.0870074688783374	0.9067916666666667
log-cspl5-n1n2.mapjitter.klw	log	cspl5	n1n2	independent	n2	delta	11.513891681800072	-0.018676797595769668	0.03375227123068375	0.08823024224893983	0.895875
log-cspl5-n1n2.mapjitter.klw	log	cspl5	n1n2	independent	n2	delta	12.36223544852308	-0.019520859883287278	0.03232944367645582	0.08621459678566469	0.8887361111111111
log-cspl5-n1n2.mapjitter.klw	log	cspl5	n1n2	independent	n2	delta	13.273085200748401	-0.01886310397758599	0.030130093249805173	0.08110821584918397	0.8852916666666667
log-cspl5-n1n2.mapjitter.klw	log	cspl5	n1n2	independent	n2	delta	14.25104638072347	-0.017892006306516692	0.026941123414803578	0.07338776159482197	0.8810694444444445
log-cspl5-n1n2.mapjitter.klw	log	cspl5	n1n2	independent	n2	delta	15.301063759771553	-0.018123506971894385	0.023300183569415392	0.06567943529342202	0.8656527777777778
log-cspl5-n1n2.mapjitter.klw	log	cspl5	n1n2	independent	n2	delta	16.428446440064768	-0.0210683514188219	0.01939184933630056	0.06013743260525881	0.8267777777777777
log-cspl5-n1n2.mapjitter.klw	log	cspl5	n1n2	independent	n2	delta	17.638894698528226	-0.02683795675286885	0.015596734686791541	0.05744671671953619	0.7644305555555555
log-cspl5-n1n2.mapjitter.klw	log	cspl5	n1n2	independent	n2	delta	18.93852880860355	-0.033363098386119956	0.012168350892909255	0.056412084170561226	0.7023194444444445
log-cspl5-n1n2.mapjitter.klw	log	cspl5	n1n2	independent	n2	delta	20.33391998560055	-0.03782258314560162	0.009397555914025857	0.055118828891775315	0.6526805555555556
log-cspl5-n1n2.mapjitter.klw	log	cspl5	n1n2	independent	n2	delta	21.832123612102944	-0.03838618341005343	0.007438097668484384	0.052199607912277665	0.6274444444444445
log-cspl5-n1n2.mapjitter.klw	log	cspl5	n1n2	independent	n2	delta	23.440714911422706	-0.036099347853876994	0.006204824272895981	0.04798978988166398	0.6159166666666667
log-cspl5-n1n2.mapjitter.klw	log	cspl5	n1n2	independent	n2	delta	25.16782724947517	-0.03227860793455898	0.005604866828985186	0.04356191653094224	0.6146111111111111
log-cspl5-n1n2.mapjitter.klw	log	cspl5	n1n2	independent	n2	delta	27.0221932587371	-0.02913844056015051	0.005364757828147271	0.04010177521447232	0.6195694444444444
log-cspl5-n1n2.mapjitter.klw	log	cspl5	n1n2	independent	n2	delta	29.01318899221878	-0.027930639716807894	0.005249447555307152	0.03843452246184219	0.6235833333333334
log-cspl5-n1n2.mapjitter.klw	log	cspl5	n1n2	independent	n2	delta	31.150881330701633	-0.028897296778157527	0.00511407013264964	0.03927906462116284	0.6206944444444444
log-cspl5-n1n2.mapjitter.klw	log	cspl5	n1n2	independent	n2	delta	33.44607888294205	-0.031206486024095068	0.00488220008691817	0.04097171739574097	0.6082083333333334
log-cspl5-n1n2.mapjitter.klw	log	cspl5	n1n2	independent	n2	delta	35.910386636203285	-0.03371144736503163	0.004488841044934397	0.04274212027079143	0.5929305555555555
log-cspl5-n1n2.mapjitter.klw	log	cspl5	n1n2	independent	n2	delta	38.55626463343953	-0.03619376623319682	0.0039710693618230375	0.04433271793111554	0.5785694444444445
log-cspl5-n1n2.mapjitter.klw	log	cspl5	n1n2	independent	n2	delta	41.397090973816184	-0.038317172233649714	0.0033539316663616925	0.04533364693591452	0.5636666666666666
log-cspl5-n1n2.mapjitter.klw	log	cspl5	n1n2	independent	n2	delta	44.44722945510957	-0.03991052240521618	0.0025847891673457246	0.045760972151844305	0.549
log-cspl5-n1n2.mapjitter.klw	log	cspl5	n1n2	independent	n2	delta	47.722102200000165	-0.04129564623650773	0.0017440459044936463	0.04559988342701363	0.5331944444444444
log-cspl5-n1n2.mapjitter.klw	log	cspl5	n1n2	independent	n2	delta	51.23826763347237	-0.042369769169251656	0.0008890557421110945	0.04515671048403387	0.5164444444444445
log-cspl5-n1n2.mapjitter.klw	log	cspl5	n1n2	independent	n2	delta	55.01350420559078	-0.04345255907910082	2.1275254878189154e-05	0.04418086106992512	0.5004305555555556
log-cspl5-n1n2.mapjitter.klw	log	cspl5	n1n2	independent	n2	delta	59.0669002829722	-0.04492773674311587	-0.0009298813208293011	0.04321236425136324	0.4825833333333333
log-cspl5-n1n2.mapjitter.klw	log	cspl5	n1n2	independent	n2	delta	63.4189506634631	-0.04726096842514639	-0.0019326266397306502	0.04249844221941492	0.46529166666666666
log-cspl5-n1n2.mapjitter.klw	log	cspl5	n1n2	independent	n2	delta	68.0916602020204	-0.05026338481232588	-0.002972901119857929	0.0423275176870432	0.4485972222222222
log-cspl5-n1n2.mapjitter.klw	log	cspl5	n1n2	independent	n2	delta	73.10865507174931	-0.05426115231430837	-0.004005314796430737	0.04289196267590916	0.43406944444444445
log-cspl5-n1n2.mapjitter.klw	log	cspl5	n1n2	independent	n2	delta	78.49530222265639	-0.059336135586409613	-0.005095300344725384	0.04462313999285988	0.42120833333333335
log-cspl5-n1n2.mapjitter.klw	log	cspl5	n1n2	independent	n2	delta	84.27883764212618	-0.06550900259661809	-0.006188993034344864	0.047273267369324114	0.4107222222222222
log-cspl5-n1n2.mapjitter.klw	log	cspl5	n1n2	independent	n2	delta	90.48850406563211	-0.07254664681470271	-0.00730322484735349	0.05086929672199624	0.40220833333333333
log-cspl5-n1n2.mapjitter.klw	log	cspl5	n1n2	independent	n2	delta	97.15569883397539	-0.08022522981228401	-0.008501249263531185	0.05514602070112168	0.39555555555555555
log-cspl5-n1n2.mapjitter.klw	log	cspl5	n1n2	independent	n2	delta	104.31413264464811	-0.08813883988890836	-0.009735883041993021	0.06001822593473242	0.3911527777777778
log-cspl5-n1n2.mapjitter.klw	log	cspl5	n1n2	independent	n2	delta	111.99999999999996	-0.09673269573759839	-0.01110232173460643	0.06557819868888849	0.388625
log-cspl5-n1n2.mapjitter.klw	log	cspl5	n1n2	independent	n1	delta_pct	6.999999999999999	-21.39000286491987	2.9399768164471096	36.09833222632196	
log-cspl5-n1n2.mapjitter.klw	log	cspl5	n1n2	independent	n1	delta_pct	7.515760138376834	-14.253137676481986	6.388139278843463	32.88151365749906	
log-cspl5-n1n2.mapjitter.klw	log	cspl5	n1n2	independent	n1	delta_pct	8.069521493944878	-9.28038712446956	9.403102226349958	32.558771993396206	
log-cspl5-n1n2.mapjitter.klw	log	cspl5	n1n2	independent	n1	delta_pct	8.664083997137997	-6.393691738100759	11.997384148984981	34.53539498350274	
log-cspl5-n1n2.mapjitter.klw	log	cspl5	n1n2	independent	n1	delta_pct	9.302453877319767	-5.236895961327798	14.224115326916708	38.03240967245521	
log-cspl5-n1n2.mapjitter.klw	log	cspl5	n1n2	independent	n1	delta_pct	9.987858862892702	-4.840927382496974	15.972398014386414	41.75364183492247	
log-cspl5-n1n2.mapjitter.klw	log	cspl5	n1n2	independent	n1	delta_pct	10.723764501351818	-4.676050740907679	17.311637692883696	44.68541127398353	
log-cspl5-n1n2.mapjitter.klw	log	cspl5	n1n2	independent	n1	delta_pct	11.513891681800072	-4.302451138786737	18.17847120899324	46.27200924711828	
log-cspl5-n1n2.mapjitter.klw	log	cspl5	n1n2	independent	n1	delta_pct	12.36223544852308	-3.647907239385905	18.525331129614674	46.06657526930586	
log-cspl5-n1n2.mapjitter.klw	log	cspl5	n1n2	independent	n1	delta_pct	13.273085200748401	-2.524204815813656	18.31118970590064	43.90629843812124	
log-cspl5-n1n2.mapjitter.klw	log	cspl5	n1n2	independent	n1	delta_pct	14.25104638072347	-1.3531927115067368	17.59160135350648	40.37497110864274	
log-cspl5-n1n2.mapjitter.klw	log	cspl5	n1n2	independent	n1	delta_pct	15.301063759771553	-0.4210422733701932	16.46757333887523	36.54642542842059	
log-cspl5-n1n2.mapjitter.klw	log	cspl5	n1n2	independent	n1	delta_pct	16.428446440064768	-0.538695445679092	15.03636299445038	33.319729069576944	
log-cspl5-n1n2.mapjitter.klw	log	cspl5	n1n2	independent	n1	delta_pct	17.638894698528226	-1.8637842905703543	13.462010067472807	31.26277988992582	
log-cspl5-n1n2.mapjitter.klw	log	cspl5	n1n2	independent	n1	delta_pct	18.93852880860355	-3.880102011428782	11.861978896774882	30.210181668978027	
log-cspl5-n1n2.mapjitter.klw	log	cspl5	n1n2	independent	n1	delta_pct	20.33391998560055	-5.8295948740013275	10.289019333437555	29.05903924358702	
log-cspl5-n1n2.mapjitter.klw	log	cspl5	n1n2	independent	n1	delta_pct	21.832123612102944	-6.859773902556385	8.919071550242874	27.284866874272996	
log-cspl5-n1n2.mapjitter.klw	log	cspl5	n1n2	independent	n1	delta_pct	23.440714911422706	-7.144780313748662	7.70099635246404	24.749313665379074	
log-cspl5-n1n2.mapjitter.klw	log	cspl5	n1n2	independent	n1	delta_pct	25.16782724947517	-7.033104478746122	6.591321619317981	22.130382750751988	
log-cspl5-n1n2.mapjitter.klw	log	cspl5	n1n2	independent	n1	delta_pct	27.0221932587371	-7.1510237135987555	5.605139767321532	20.087853238383016	
log-cspl5-n1n2.mapjitter.klw	log	cspl5	n1n2	independent	n1	delta_pct	29.01318899221878	-7.978825917100212	4.684257496326483	19.19271717615655	
log-cspl5-n1n2.mapjitter.klw	log	cspl5	n1n2	independent	n1	delta_pct	31.150881330701633	-9.278214497241832	3.7896489845531733	19.183773598340764	
log-cspl5-n1n2.mapjitter.klw	log	cspl5	n1n2	independent	n1	delta_pct	33.44607888294205	-10.936314408315598	2.9325154095192985	19.431862423093165	
log-cspl5-n1n2.mapjitter.klw	log	cspl5	n1n2	independent	n1	delta_pct	35.910386636203285	-12.429586753377196	2.043553351595495	19.679475751217247	
log-cspl5-n1n2.mapjitter.klw	log	cspl5	n1n2	independent	n1	delta_pct	38.55626463343953	-13.782668489473831	1.2353027149499707	19.73009035120212	
log-cspl5-n1n2.mapjitter.klw	log	cspl5	n1n2	independent	n1	delta_pct	41.397090973816184	-14.875858601010963	0.43869627422656876	19.487933804888318	
log-cspl5-n1n2.mapjitter.klw	log	cspl5	n1n2	independent	n1	delta_pct	44.44722945510957	-15.681259509185466	-0.32156368553994397	18.969818946964093	
log-cspl5-n1n2.mapjitter.klw	log	cspl5	n1n2	independent	n1	delta_pct	47.722102200000165	-16.359989952121595	-1.0765724154469247	18.088558447587523	
log-cspl5-n1n2.mapjitter.klw	log	cspl5	n1n2	independent	n1	delta_pct	51.23826763347237	-16.798980389183836	-1.7620169729786195	16.94570339329836	
log-cspl5-n1n2.mapjitter.klw	log	cspl5	n1n2	independent	n1	delta_pct	55.01350420559078	-17.15874462476556	-2.4380059845518662	15.766030868433694	
log-cspl5-n1n2.mapjitter.klw	log	cspl5	n1n2	independent	n1	delta_pct	59.0669002829722	-17.442936079241615	-3.0715794410203054	14.493268648095134	
log-cspl5-n1n2.mapjitter.klw	log	cspl5	n1n2	independent	n1	delta_pct	63.4189506634631	-17.794883841426834	-3.659262519309203	13.337292197052667	
log-cspl5-n1n2.mapjitter.klw	log	cspl5	n1n2	independent	n1	delta_pct	68.0916602020204	-18.288203832356796	-4.183643432689415	12.437872780523024	
log-cspl5-n1n2.mapjitter.klw	log	cspl5	n1n2	independent	n1	delta_pct	73.10865507174931	-18.987627484978542	-4.705831393410587	11.891848471019728	
log-cspl5-n1n2.mapjitter.klw	log	cspl5	n1n2	independent	n1	delta_pct	78.49530222265639	-19.922707816086245	-5.165707846975348	11.76256845139026	
log-cspl5-n1n2.mapjitter.klw	log	cspl5	n1n2	independent	n1	delta_pct	84.27883764212618	-21.115539434429394	-5.60294459409832	12.086789222214241	
log-cspl5-n1n2.mapjitter.klw	log	cspl5	n1n2	independent	n1	delta_pct	90.48850406563211	-22.47243589157341	-6.03431305785771	12.981571251048315	
log-cspl5-n1n2.mapjitter.klw	log	cspl5	n1n2	independent	n1	delta_pct	97.15569883397539	-23.978252433218433	-6.476613316228425	14.168341278677502	
log-cspl5-n1n2.mapjitter.klw	log	cspl5	n1n2	independent	n1	delta_pct	104.31413264464811	-25.49590093269278	-6.862106985071076	15.76155153952289	
log-cspl5-n1n2.mapjitter.klw	log	cspl5	n1n2	independent	n1	delta_pct	111.99999999999996	-27.204355439394796	-7.3116179437918705	17.620386593424417	
log-cspl5-n1n2.mapjitter.klw	log	cspl5	n1n2	independent	n1	delta	6.999999999999999	-0.060760400937825434	0.006974767021796613	0.07412673159994046	0.5845416666666666
log-cspl5-n1n2.mapjitter.klw	log	cspl5	n1n2	independent	n1	delta	7.515760138376834	-0.041606679863072024	0.01600197067304314	0.07295370254508464	0.713625
log-cspl5-n1n2.mapjitter.klw	log	cspl5	n1n2	independent	n1	delta	8.069521493944878	-0.027696673956631505	0.02465486094496494	0.07691539541333266	0.8286944444444444
log-cspl5-n1n2.mapjitter.klw	log	cspl5	n1n2	independent	n1	delta	8.664083997137997	-0.019617625168622817	0.03276735765650712	0.0856965798088367	0.8923472222222222
log-cspl5-n1n2.mapjitter.klw	log	cspl5	n1n2	independent	n1	delta	9.302453877319767	-0.016506297653152053	0.04021216173185252	0.09793138229743213	0.9195972222222222
log-cspl5-n1n2.mapjitter.klw	log	cspl5	n1n2	independent	n1	delta	9.987858862892702	-0.01582171587853807	0.04660585659853031	0.1107547754169234	0.9303472222222222
log-cspl5-n1n2.mapjitter.klw	log	cspl5	n1n2	independent	n1	delta	10.723764501351818	-0.01573887390879911	0.051695346728281744	0.1215323249262466	0.9356388888888889
log-cspl5-n1n2.mapjitter.klw	log	cspl5	n1n2	independent	n1	delta	11.513891681800072	-0.014949574672095803	0.05534696751051579	0.12829731768796607	0.9400416666666667
log-cspl5-n1n2.mapjitter.klw	log	cspl5	n1n2	independent	n1	delta	12.36223544852308	-0.01271680642676585	0.0572844011549592	0.12999772531098835	0.9472361111111111
log-cspl5-n1n2.mapjitter.klw	log	cspl5	n1n2	independent	n1	delta	13.273085200748401	-0.008837466812054703	0.05721213527569796	0.12638488747877624	0.9550694444444444
log-cspl5-n1n2.mapjitter.klw	log	cspl5	n1n2	independent	n1	delta	14.25104638072347	-0.004630240515633994	0.055114007535116666	0.11751329760460877	0.9654027777777778
log-cspl5-n1n2.mapjitter.klw	log	cspl5	n1n2	independent	n1	delta	15.301063759771553	-0.0014738615530011775	0.051502130443504046	0.10711112639437628	0.9717361111111111
log-cspl5-n1n2.mapjitter.klw	log	cspl5	n1n2	independent	n1	delta	16.428446440064768	-0.0017790283738136174	0.04686781318332514	0.09748207748898079	0.9705
log-cspl5-n1n2.mapjitter.klw	log	cspl5	n1n2	independent	n1	delta	17.638894698528226	-0.006231658368755137	0.041588205908250964	0.0907553716129422	0.955875
log-cspl5-n1n2.mapjitter.klw	log	cspl5	n1n2	independent	n1	delta	18.93852880860355	-0.012889851457609956	0.03625138740933195	0.08658084518881054	0.9256527777777778
log-cspl5-n1n2.mapjitter.klw	log	cspl5	n1n2	independent	n1	delta	20.33391998560055	-0.019399465071748657	0.03110018211297999	0.08237215276421608	0.8879444444444444
log-cspl5-n1n2.mapjitter.klw	log	cspl5	n1n2	independent	n1	delta	21.832123612102944	-0.02255986650509835	0.026762259312968995	0.07654819489431208	0.8579722222222222
log-cspl5-n1n2.mapjitter.klw	log	cspl5	n1n2	independent	n1	delta	23.440714911422706	-0.02312289684791284	0.022954828544016426	0.06922860566344768	0.8375138888888889
log-cspl5-n1n2.mapjitter.klw	log	cspl5	n1n2	independent	n1	delta	25.16782724947517	-0.022531068452499248	0.019574042601002373	0.061493126570752905	0.8211666666666667
log-cspl5-n1n2.mapjitter.klw	log	cspl5	n1n2	independent	n1	delta	27.0221932587371	-0.023046308030115426	0.016557775454474427	0.05527759072329784	0.7985555555555556
log-cspl5-n1n2.mapjitter.klw	log	cspl5	n1n2	independent	n1	delta	29.01318899221878	-0.025676161778669857	0.013792058349215985	0.05196867416996356	0.7621805555555555
log-cspl5-n1n2.mapjitter.klw	log	cspl5	n1n2	independent	n1	delta	31.150881330701633	-0.030441949813596558	0.01120141416454612	0.05136933694697935	0.7109861111111111
log-cspl5-n1n2.mapjitter.klw	log	cspl5	n1n2	independent	n1	delta	33.44607888294205	-0.03614130882197992	0.008617448462365923	0.051577834043789544	0.6566527777777778
log-cspl5-n1n2.mapjitter.klw	log	cspl5	n1n2	independent	n1	delta	35.910386636203285	-0.04147786660690924	0.0060295294805591815	0.05173019965094442	0.6060972222222222
log-cspl5-n1n2.mapjitter.klw	log	cspl5	n1n2	independent	n1	delta	38.55626463343953	-0.0463086036579879	0.0036537658779786097	0.05165666053437899	0.5600277777777778
log-cspl5-n1n2.mapjitter.klw	log	cspl5	n1n2	independent	n1	delta	41.397090973816184	-0.05027076779179612	0.0013067014889591166	0.05096806808705186	0.5205416666666667
log-cspl5-n1n2.mapjitter.klw	log	cspl5	n1n2	independent	n1	delta	44.44722945510957	-0.053499117478896616	-0.00096453428944962	0.049785817166935836	0.48441666666666666
log-cspl5-n1n2.mapjitter.klw	log	cspl5	n1n2	independent	n1	delta	47.722102200000165	-0.05579145404368412	-0.0032580845492873878	0.04789450332374817	0.4507777777777778
log-cspl5-n1n2.mapjitter.klw	log	cspl5	n1n2	independent	n1	delta	51.23826763347237	-0.057905922161309374	-0.005404613337613218	0.04547322079672865	0.4168472222222222
log-cspl5-n1n2.mapjitter.klw	log	cspl5	n1n2	independent	n1	delta	55.01350420559078	-0.0598835816396669	-0.007541921194473472	0.04278522375350532	0.3834166666666667
log-cspl5-n1n2.mapjitter.klw	log	cspl5	n1n2	independent	n1	delta	59.0669002829722	-0.061559547528110416	-0.009592711128567716	0.03998187639633939	0.3521944444444444
log-cspl5-n1n2.mapjitter.klw	log	cspl5	n1n2	independent	n1	delta	63.4189506634631	-0.06362235525023613	-0.011599150676569067	0.03729871970529347	0.32275
log-cspl5-n1n2.mapjitter.klw	log	cspl5	n1n2	independent	n1	delta	68.0916602020204	-0.06671945817622112	-0.01338507034360964	0.03525358831183346	0.2960277777777778
log-cspl5-n1n2.mapjitter.klw	log	cspl5	n1n2	independent	n1	delta	73.10865507174931	-0.07095495726059414	-0.01522047387702119	0.03417713184571175	0.2741388888888889
log-cspl5-n1n2.mapjitter.klw	log	cspl5	n1n2	independent	n1	delta	78.49530222265639	-0.07607330897320018	-0.016917284109828595	0.03407353329519859	0.2579444444444444
log-cspl5-n1n2.mapjitter.klw	log	cspl5	n1n2	independent	n1	delta	84.27883764212618	-0.08274513336465891	-0.018601433907556225	0.03559167687695289	0.249875
log-cspl5-n1n2.mapjitter.klw	log	cspl5	n1n2	independent	n1	delta	90.48850406563211	-0.09033164891771317	-0.020297767536466005	0.038152289856245886	0.24663888888888888
log-cspl5-n1n2.mapjitter.klw	log	cspl5	n1n2	independent	n1	delta	97.15569883397539	-0.09884386040316262	-0.02198798726776305	0.04179665889324443	0.24945833333333334
log-cspl5-n1n2.mapjitter.klw	log	cspl5	n1n2	independent	n1	delta	104.31413264464811	-0.10817909528432017	-0.02367133455326209	0.04623136761608595	0.2540972222222222
log-cspl5-n1n2.mapjitter.klw	log	cspl5	n1n2	independent	n1	delta	111.99999999999996	-0.11773394233204332	-0.025572850832223493	0.051708906580914385	0.2592361111111111
log-cspl7-n1n2.mapjitter.klw	log	cspl7	n1n2	independent	n1	ips	6.999999999999999	0.21436857966677417	0.2731366498320787	0.3433752503624982	
log-cspl7-n1n2.mapjitter.klw	log	cspl7	n1n2	independent	n1	ips	7.515760138376834	0.2296005944235708	0.2788768998737857	0.33700579633601524	
log-cspl7-n1n2.mapjitter.klw	log	cspl7	n1n2	independent	n1	ips	8.069521493944878	0.23682119293590462	0.28521460626553785	0.342612313488782	
log-cspl7-n1n2.mapjitter.klw	log	cspl7	n1n2	independent	n1	ips	8.664083997137997	0.2404666622162623	0.2931126040775753	0.3570965401817026	
log-cspl7-n1n2.mapjitter.klw	log	cspl7	n1n2	independent	n1	ips	9.302453877319767	0.24725074912885064	0.30394962761343963	0.37416277026073835	
log-cspl7-n1n2.mapjitter.klw	log	cspl7	n1n2	independent	n1	ips	9.987858862892702	0.26132290287619914	0.3185855306773664	0.39008681490069225	
log-cspl7-n1n2.mapjitter.klw	log	cspl7	n1n2	independent	n1	ips	10.723764501351818	0.2822667799290277	0.3375062186367782	0.4066625786830919	
log-cspl7-n1n2.mapjitter.klw	log	cspl7	n1n2	independent	n1	ips	11.513891681800072	0.30149769603875426	0.35816614360059285	0.4279894569705735	
log-cspl7-n1n2.mapjitter.klw	log	cspl7	n1n2	independent	n1	ips	12.36223544852308	0.314083692370572	0.3768147410422185	0.4554336633587643	
log-cspl7-n1n2.mapjitter.klw	log	cspl7	n1n2	independent	n1	ips	13.273085200748401	0.3209025995906303	0.39068848713881854	0.48017384817949643	
log-cspl7-n1n2.mapjitter.klw	log	cspl7	n1n2	independent	n1	ips	14.25104638072347	0.32510671660246376	0.3973833149636916	0.4913105830104017	
log-cspl7-n1n2.mapjitter.klw	log	cspl7	n1n2	independent	n1	ips	15.301063759771553	0.32713449701333136	0.3956348393528038	0.48304816752302987	
log-cspl7-n1n2.mapjitter.klw	log	cspl7	n1n2	independent	n1	ips	16.428446440064768	0.32555966873185016	0.38713062441265617	0.46292773261782194	
log-cspl7-n1n2.mapjitter.klw	log	cspl7	n1n2	independent	n1	ips	17.638894698528226	0.3182402541114773	0.37392426222418	0.44157175573471236	
log-cspl7-n1n2.mapjitter.klw	log	cspl7	n1n2	independent	n1	ips	18.93852880860355	0.3048527511338954	0.3586330641929991	0.4246113726740926	
log-cspl7-n1n2.mapjitter.klw	log	cspl7	n1n2	independent	n1	ips	20.33391998560055	0.2905890873908581	0.343919673460524	0.4095332217129047	
log-cspl7-n1n2.mapjitter.klw	log	cspl7	n1n2	independent	n1	ips	21.832123612102944	0.28168688731167923	0.3314976423160534	0.3923551211892168	
log-cspl7-n1n2.mapjitter.klw	log	cspl7	n1n2	independent	n1	ips	23.440714911422706	0.2767485091328739	0.32141112654713	0.3752939388992494	
log-cspl7-n1n2.mapjitter.klw	log	cspl7	n1n2	independent	n1	ips	25.16782724947517	0.27271602136989387	0.31369242719016655	0.3630764135923819	
log-cspl7-n1n2.mapjitter.klw	log	cspl7	n1n2	independent	n1	ips	27.0221932587371	0.2677523742836604	0.3081563866094562	0.3574014018900466	
log-cspl7-n1n2.mapjitter.klw	log	cspl7	n1n2	independent	n1	ips	29.01318899221878	0.2640926667017815	0.30501186354348864	0.35530929697744434	
log-cspl7-n1n2.mapjitter.klw	log	cspl7	n1n2	independent	n1	ips	31.150881330701633	0.26387634176987457	0.3041155261351481	0.35320166197764663	
log-cspl7-n1n2.mapjitter.klw	log	cspl7	n1n2	independent	n1	ips	33.44607888294205	0.2667315703269812	0.30478968509524695	0.35144957030655205	
log-cspl7-n1n2.mapjitter.klw	log	cspl7	n1n2	independent	n1	ips	35.910386636203285	0.2697471979002916	0.30669353021387646	0.3514509644911771	
log-cspl7-n1n2.mapjitter.klw	log	cspl7	n1n2	independent	n1	ips	38.55626463343953	0.2711955302578013	0.3092662018792772	0.35415105861087526	
log-cspl7-n1n2.mapjitter.klw	log	cspl7	n1n2	independent	n1	ips	41.397090973816184	0.27075332669461877	0.3119473157471992	0.3591963490556178	
log-cspl7-n1n2.mapjitter.klw	log	cspl7	n1n2	independent	n1	ips	44.44722945510957	0.26936244472899723	0.31422249052876755	0.36517540644606233	
log-cspl7-n1n2.mapjitter.klw	log	cspl7	n1n2	independent	n1	ips	47.722102200000165	0.2680478102069621	0.31622039671191426	0.37039940664692766	
log-cspl7-n1n2.mapjitter.klw	log	cspl7	n1n2	independent	n1	ips	51.23826763347237	0.26759271653904987	0.31791268137234807	0.37443719512714807	
log-cspl7-n1n2.mapjitter.klw	log	cspl7	n1n2	independent	n1	ips	55.01350420559078	0.26779686927185814	0.3194292504028473	0.37709343330532874	
log-cspl7-n1n2.mapjitter.klw	log	cspl7	n1n2	independent	n1	ips	59.0669002829722	0.2686889519846535	0.3207420107101253	0.3789052135923111	
log-cspl7-n1n2.mapjitter.klw	log	cspl7	n1n2	independent	n1	ips	63.4189506634631	0.27040865431878736	0.32174621910615714	0.3794664918367997	
log-cspl7-n1n2.mapjitter.klw	log	cspl7	n1n2	independent	n1	ips	68.0916602020204	0.2722295033266215	0.32265688479939403	0.37961509357363443	
log-cspl7-n1n2.mapjitter.klw	log	cspl7	n1n2	independent	n1	ips	73.10865507174931	0.27413849313747524	0.32333307730333993	0.37982810600842104	
log-cspl7-n1n2.mapjitter.klw	log	cspl7	n1n2	independent	n1	ips	78.49530222265639	0.2755953469008589	0.32390917363199345	0.3797526191068492	
log-cspl7-n1n2.mapjitter.klw	log	cspl7	n1n2	independent	n1	ips	84.27883764212618	0.27648411608870677	0.32432350211608996	0.3808560007192386	
log-cspl7-n1n2.mapjitter.klw	log	cspl7	n1n2	independent	n1	ips	90.48850406563211	0.2759084932669122	0.3245987369414288	0.3829804242061761	
log-cspl7-n1n2.mapjitter.klw	log	cspl7	n1n2	independent	n1	ips	97.15569883397539	0.27424900410282443	0.3247489183422388	0.3865344059139508	
log-cspl7-n1n2.mapjitter.klw	log	cspl7	n1n2	independent	n1	ips	104.31413264464811	0.2709697620638217	0.3248667656839261	0.3917438750657369	
log-cspl7-n1n2.mapjitter.klw	log	cspl7	n1n2	independent	n1	ips	111.99999999999996	0.2664760822694163	0.3249796125056405	0.39802028141927226	
log-cspl7-n1n2.mapjitter.klw	log	cspl7	n1n2	independent	n1	vertex	6.999999999999999	0.19057965617654912	0.2539230121085089	0.33158831722840487	
log-cspl7-n1n2.mapjitter.klw	log	cspl7	n1n2	independent	n1	vertex	7.515760138376834	0.21587775436463097	0.2681372645352625	0.3311455883078358	
log-cspl7-n1n2.mapjitter.klw	log	cspl7	n1n2	independent	n1	vertex	8.069521493944878	0.23058873539385374	0.2814462435376586	0.3417544124795427	
log-cspl7-n1n2.mapjitter.klw	log	cspl7	n1n2	independent	n1	vertex	8.664083997137997	0.23786043375235819	0.29283711937664536	0.3596811621796792	
log-cspl7-n1n2.mapjitter.klw	log	cspl7	n1n2	independent	n1	vertex	9.302453877319767	0.24252717640414584	0.3019846440782949	0.3754744504680432	
log-cspl7-n1n2.mapjitter.klw	log	cspl7	n1n2	independent	n1	vertex	9.987858862892702	0.24856781858937227	0.30860781894174993	0.38297325686796624	
log-cspl7-n1n2.mapjitter.klw	log	cspl7	n1n2	independent	n1	vertex	10.723764501351818	0.2558382541655968	0.3118808395069492	0.3808973163757709	
log-cspl7-n1n2.mapjitter.klw	log	cspl7	n1n2	independent	n1	vertex	11.513891681800072	0.26001473034202943	0.3128516551495177	0.37748935787964216	
log-cspl7-n1n2.mapjitter.klw	log	cspl7	n1n2	independent	n1	vertex	12.36223544852308	0.2588127780855993	0.3122578702693046	0.3790816574612885	
log-cspl7-n1n2.mapjitter.klw	log	cspl7	n1n2	independent	n1	vertex	13.273085200748401	0.2545510586987811	0.31153063114326085	0.3842708700625638	
log-cspl7-n1n2.mapjitter.klw	log	cspl7	n1n2	independent	n1	vertex	14.25104638072347	0.25372181523519766	0.31197372926866485	0.38722464877734847	
log-cspl7-n1n2.mapjitter.klw	log	cspl7	n1n2	independent	n1	vertex	15.301063759771553	0.25951029833291694	0.3146266283293965	0.384133801168586	
log-cspl7-n1n2.mapjitter.klw	log	cspl7	n1n2	independent	n1	vertex	16.428446440064768	0.267478481155381	0.31825342636575027	0.3798457011045409	
log-cspl7-n1n2.mapjitter.klw	log	cspl7	n1n2	independent	n1	vertex	17.638894698528226	0.27282924578336504	0.3211216733608129	0.3793079578003431	
log-cspl7-n1n2.mapjitter.klw	log	cspl7	n1n2	independent	n1	vertex	18.93852880860355	0.2736431142859574	0.3224119868982185	0.38247012586425494	
log-cspl7-n1n2.mapjitter.klw	log	cspl7	n1n2	independent	n1	vertex	20.33391998560055	0.27213637851030836	0.32160150512678365	0.3829871140944626	
log-cspl7-n1n2.mapjitter.klw	log	cspl7	n1n2	independent	n1	vertex	21.832123612102944	0.2706708839123838	0.3182347034184361	0.3766174831817401	
log-cspl7-n1n2.mapjitter.klw	log	cspl7	n1n2	independent	n1	vertex	23.440714911422706	0.26834511420115825	0.3134127940361288	0.3672426821171565	
log-cspl7-n1n2.mapjitter.klw	log	cspl7	n1n2	independent	n1	vertex	25.16782724947517	0.2634132430362294	0.3080663741305274	0.3615503812087526	
log-cspl7-n1n2.mapjitter.klw	log	cspl7	n1n2	independent	n1	vertex	27.0221932587371	0.2572033197351677	0.3034929007124848	0.35998558565778394	
log-cspl7-n1n2.mapjitter.klw	log	cspl7	n1n2	independent	n1	vertex	29.01318899221878	0.25367073637617715	0.30123004332477854	0.3594291917110608	
log-cspl7-n1n2.mapjitter.klw	log	cspl7	n1n2	independent	n1	vertex	31.150881330701633	0.2553063215419874	0.3015969610796705	0.35760768150525896	
log-cspl7-n1n2.mapjitter.klw	log	cspl7	n1n2	independent	n1	vertex	33.44607888294205	0.2598552075284956	0.3039226347334222	0.3571187366530603	
log-cspl7-n1n2.mapjitter.klw	log	cspl7	n1n2	independent	n1	vertex	35.910386636203285	0.26342629158225955	0.3074838376552823	0.36048760655881334	
log-cspl7-n1n2.mapjitter.klw	log	cspl7	n1n2	independent	n1	vertex	38.55626463343953	0.26501720549227925	0.31162255282210005	0.3688569372555272	
log-cspl7-n1n2.mapjitter.klw	log	cspl7	n1n2	independent	n1	vertex	41.397090973816184	0.26407717263068703	0.3159536911105568	0.3804177311564664	
log-cspl7-n1n2.mapjitter.klw	log	cspl7	n1n2	independent	n1	vertex	44.44722945510957	0.262348473579498	0.3199700853351879	0.39172569794751844	
log-cspl7-n1n2.mapjitter.klw	log	cspl7	n1n2	independent	n1	vertex	47.722102200000165	0.2612684775040783	0.32381513687976193	0.40065558145287256	
log-cspl7-n1n2.mapjitter.klw	log	cspl7	n1n2	independent	n1	vertex	51.23826763347237	0.26142892178597094	0.327420042344412	0.4079126262059232	
log-cspl7-n1n2.mapjitter.klw	log	cspl7	n1n2	independent	n1	vertex	55.01350420559078	0.2627849138114246	0.33066351177029873	0.4129610373412152	
log-cspl7-n1n2.mapjitter.klw	log	cspl7	n1n2	independent	n1	vertex	59.0669002829722	0.26546592830502114	0.3337732421155535	0.41596438631138755	
log-cspl7-n1n2.mapjitter.klw	log	cspl7	n1n2	independent	n1	vertex	63.4189506634631	0.26889934326234605	0.3367205206925308	0.4179605151938267	
log-cspl7-n1n2.mapjitter.klw	log	cspl7	n1n2	independent	n1	vertex	68.0916602020204	0.272840985103041	0.3393140748843825	0.4186438552758773	
log-cspl7-n1n2.mapjitter.klw	log	cspl7	n1n2	independent	n1	vertex	73.10865507174931	0.27653939587679915	0.3416610067157041	0.4202016544641957	
log-cspl7-n1n2.mapjitter.klw	log	cspl7	n1n2	independent	n1	vertex	78.49530222265639	0.2797037802810875	0.3438212593623321	0.42210582937709884	
log-cspl7-n1n2.mapjitter.klw	log	cspl7	n1n2	independent	n1	vertex	84.27883764212618	0.2815307680112166	0.34585105590615417	0.4257714219661538	
log-cspl7-n1n2.mapjitter.klw	log	cspl7	n1n2	independent	n1	vertex	90.48850406563211	0.2817904435826517	0.3475363501554635	0.431263120058802	
log-cspl7-n1n2.mapjitter.klw	log	cspl7	n1n2	independent	n1	vertex	97.15569883397539	0.28013445529541636	0.34922095143092424	0.43916681829605636	
log-cspl7-n1n2.mapjitter.klw	log	cspl7	n1n2	independent	n1	vertex	104.31413264464811	0.27609399671991847	0.3509149076021465	0.4489718603375663	
log-cspl7-n1n2.mapjitter.klw	log	cspl7	n1n2	independent	n1	vertex	111.99999999999996	0.27037111357780697	0.3525429606430437	0.46029249928817717	
log-cspl7-n1n2.mapjitter.klw	log	cspl7	n1n2	independent	n2	ips	6.999999999999999	0.13111590174523935	0.2039092666463015	0.27965620529251967	
log-cspl7-n1n2.mapjitter.klw	log	cspl7	n1n2	independent	n2	ips	7.515760138376834	0.14414047268291372	0.2042168810357896	0.2664874827780373	
log-cspl7-n1n2.mapjitter.klw	log	cspl7	n1n2	independent	n2	ips	8.069521493944878	0.14934531526545924	0.2042098305596648	0.261200604458646	
log-cspl7-n1n2.mapjitter.klw	log	cspl7	n1n2	independent	n2	ips	8.664083997137997	0.1486675658042244	0.20382028628102278	0.2628286209148897	
log-cspl7-n1n2.mapjitter.klw	log	cspl7	n1n2	independent	n2	ips	9.302453877319767	0.14590059007927692	0.20313252134224682	0.26537169944779704	
log-cspl7-n1n2.mapjitter.klw	log	cspl7	n1n2	independent	n2	ips	9.987858862892702	0.14538766747624038	0.20224063893747582	0.26418754762026475	
log-cspl7-n1n2.mapjitter.klw	log	cspl7	n1n2	independent	n2	ips	10.723764501351818	0.14743382035030306	0.20104231989739313	0.2581865878169914	
log-cspl7-n1n2.mapjitter.klw	log	cspl7	n1n2	independent	n2	ips	11.513891681800072	0.14886784197832836	0.19964220444870145	0.25176240158400803	
log-cspl7-n1n2.mapjitter.klw	log	cspl7	n1n2	independent	n2	ips	12.36223544852308	0.14562335411606292	0.19832958134472722	0.2510976651808949	
log-cspl7-n1n2.mapjitter.klw	log	cspl7	n1n2	independent	n2	ips	13.273085200748401	0.13960260777882574	0.19726350438572965	0.2545952925570103	
log-cspl7-n1n2.mapjitter.klw	log	cspl7	n1n2	independent	n2	ips	14.25104638072347	0.13753721752924042	0.19678141994526313	0.2563071086240199	
log-cspl7-n1n2.mapjitter.klw	log	cspl7	n1n2	independent	n2	ips	15.301063759771553	0.1419844456988558	0.19723371359076047	0.2535836777334001	
log-cspl7-n1n2.mapjitter.klw	log	cspl7	n1n2	independent	n2	ips	16.428446440064768	0.14921368409887056	0.19862566338806445	0.24972343559165386	
log-cspl7-n1n2.mapjitter.klw	log	cspl7	n1n2	independent	n2	ips	17.638894698528226	0.1548544157433754	0.20068965764338262	0.24943234983074053	
log-cspl7-n1n2.mapjitter.klw	log	cspl7	n1n2	independent	n2	ips	18.93852880860355	0.15813464086412587	0.20357221790315433	0.2533041555856029	
log-cspl7-n1n2.mapjitter.klw	log	cspl7	n1n2	independent	n2	ips	20.33391998560055	0.16201785424537782	0.20734844380317619	0.25705731841861346	
log-cspl7-n1n2.mapjitter.klw	log	cspl7	n1n2	independent	n2	ips	21.832123612102944	0.16898016406662936	0.21180860157306386	0.25788084396033095	
log-cspl7-n1n2.mapjitter.klw	log	cspl7	n1n2	independent	n2	ips	23.440714911422706	0.17767556465720444	0.21666874222362575	0.2577927682263817	
log-cspl7-n1n2.mapjitter.klw	log	cspl7	n1n2	independent	n2	ips	25.16782724947517	0.1846240273018571	0.22156973235112187	0.2600435712565217	
log-cspl7-n1n2.mapjitter.klw	log	cspl7	n1n2	independent	n2	ips	27.0221932587371	0.1885896886966412	0.22616423643938927	0.26555916385921313	
log-cspl7-n1n2.mapjitter.klw	log	cspl7	n1n2	independent	n2	ips	29.01318899221878	0.1909510662225361	0.23039507314565683	0.2710071216099374	
log-cspl7-n1n2.mapjitter.klw	log	cspl7	n1n2	independent	n2	ips	31.150881330701633	0.19434936376731682	0.23422542016220008	0.2740222169757322	
log-cspl7-n1n2.mapjitter.klw	log	cspl7	n1n2	independent	n2	ips	33.44607888294205	0.19854782119784375	0.2374543245307683	0.2759555881053229	
log-cspl7-n1n2.mapjitter.klw	log	cspl7	n1n2	independent	n2	ips	35.910386636203285	0.2021195414217379	0.2405529217559877	0.2780181972470974	
log-cspl7-n1n2.mapjitter.klw	log	cspl7	n1n2	independent	n2	ips	38.55626463343953	0.20427378037354596	0.24351516576330595	0.2820643636506428	
log-cspl7-n1n2.mapjitter.klw	log	cspl7	n1n2	independent	n2	ips	41.397090973816184	0.2045220776071822	0.24657995455730614	0.2874659612475528	
log-cspl7-n1n2.mapjitter.klw	log	cspl7	n1n2	independent	n2	ips	44.44722945510957	0.2044963135327901	0.2498463622794049	0.2934140740882763	
log-cspl7-n1n2.mapjitter.klw	log	cspl7	n1n2	independent	n2	ips	47.722102200000165	0.20526230492288894	0.25323647165896945	0.2991158795087029	
log-cspl7-n1n2.mapjitter.klw	log	cspl7	n1n2	independent	n2	ips	51.23826763347237	0.20721811165958293	0.25679832797673685	0.3041740231339436	
log-cspl7-n1n2.mapjitter.klw	log	cspl7	n1n2	independent	n2	ips	55.01350420559078	0.21018801563994843	0.26042134925156046	0.3086897572255354	
log-cspl7-n1n2.mapjitter.klw	log	cspl7	n1n2	independent	n2	ips	59.0669002829722	0.21424772344955956	0.26418591845233586	0.31264607678049094	
log-cspl7-n1n2.mapjitter.klw	log	cspl7	n1n2	independent	n2	ips	63.4189506634631	0.21912739249126334	0.2680743668594956	0.31634094838865506	
log-cspl7-n1n2.mapjitter.klw	log	cspl7	n1n2	independent	n2	ips	68.0916602020204	0.2246848853436909	0.2718711437765905	0.3199734001629571	
log-cspl7-n1n2.mapjitter.klw	log	cspl7	n1n2	independent	n2	ips	73.10865507174931	0.2299845845712595	0.27585648236530597	0.32403271851200066	
log-cspl7-n1n2.mapjitter.klw	log	cspl7	n1n2	independent	n2	ips	78.49530222265639	0.23465612655858598	0.2799483040185199	0.328926721688077	
log-cspl7-n1n2.mapjitter.klw	log	cspl7	n1n2	independent	n2	ips	84.27883764212618	0.23838028673350165	0.2840924822436637	0.33488498537832434	
log-cspl7-n1n2.mapjitter.klw	log	cspl7	n1n2	independent	n2	ips	90.48850406563211	0.24078283480260843	0.28826583101578696	0.3423406026249918	
log-cspl7-n1n2.mapjitter.klw	log	cspl7	n1n2	independent	n2	ips	97.15569883397539	0.24177757072784092	0.2926043007223009	0.35099472480226473	
log-cspl7-n1n2.mapjitter.klw	log	cspl7	n1n2	independent	n2	ips	104.31413264464811	0.2413500039932312	0.29699191887825405	0.36112877161587087	
log-cspl7-n1n2.mapjitter.klw	log	cspl7	n1n2	independent	n2	ips	111.99999999999996	0.2396911127115709	0.30141688451644444	0.37194165565651544	
log-cspl7-n1n2.mapjitter.klw	log	cspl7	n1n2	independent	n2	vertex	6.999999999999999	0.11189148431735038	0.1772515588632494	0.24833624217132047	
log-cspl7-n1n2.mapjitter.klw	log	cspl7	n1n2	independent	n2	vertex	7.515760138376834	0.12277325666090988	0.17637431753816363	0.23418126524230012	
log-cspl7-n1n2.mapjitter.klw	log	cspl7	n1n2	independent	n2	vertex	8.069521493944878	0.12617844366704653	0.17521148265055633	0.22749913347853176	
log-cspl7-n1n2.mapjitter.klw	log	cspl7	n1n2	independent	n2	vertex	8.664083997137997	0.1235822368806888	0.17323138508335556	0.2274876494427355	
log-cspl7-n1n2.mapjitter.klw	log	cspl7	n1n2	independent	n2	vertex	9.302453877319767	0.11930766410973044	0.170397989604835	0.2277892865603989	
log-cspl7-n1n2.mapjitter.klw	log	cspl7	n1n2	independent	n2	vertex	9.987858862892702	0.11687918665881447	0.16678830658714708	0.2230623429444271	
log-cspl7-n1n2.mapjitter.klw	log	cspl7	n1n2	independent	n2	vertex	10.723764501351818	0.11639258739601822	0.16215820510088422	0.21310867150923943	
log-cspl7-n1n2.mapjitter.klw	log	cspl7	n1n2	independent	n2	vertex	11.513891681800072	0.11480646231134244	0.15769759983905363	0.2045557884336012	
log-cspl7-n1n2.mapjitter.klw	log	cspl7	n1n2	independent	n2	vertex	12.36223544852308	0.11072249473549726	0.15499282587842475	0.20357390184867344	
log-cspl7-n1n2.mapjitter.klw	log	cspl7	n1n2	independent	n2	vertex	13.273085200748401	0.10751964787694467	0.1555627392121302	0.20981462537714277	
log-cspl7-n1n2.mapjitter.klw	log	cspl7	n1n2	independent	n2	vertex	14.25104638072347	0.11127762981180538	0.16122203678103988	0.21828493019703207	
log-cspl7-n1n2.mapjitter.klw	log	cspl7	n1n2	independent	n2	vertex	15.301063759771553	0.1240383101934513	0.1725775514272459	0.22654656469625534	
log-cspl7-n1n2.mapjitter.klw	log	cspl7	n1n2	independent	n2	vertex	16.428446440064768	0.13992211109748215	0.1870175455317566	0.23741086606337994	
log-cspl7-n1n2.mapjitter.klw	log	cspl7	n1n2	independent	n2	vertex	17.638894698528226	0.15299303973437986	0.20160246975345394	0.25338178219842905	
log-cspl7-n1n2.mapjitter.klw	log	cspl7	n1n2	independent	n2	vertex	18.93852880860355	0.16125085775489137	0.21388606163745927	0.2701812962198094	
log-cspl7-n1n2.mapjitter.klw	log	cspl7	n1n2	independent	n2	vertex	20.33391998560055	0.16698615374516868	0.22117057656279127	0.27932000899205	
log-cspl7-n1n2.mapjitter.klw	log	cspl7	n1n2	independent	n2	vertex	21.832123612102944	0.1717554649161435	0.22265411502401086	0.2765665443660357	
log-cspl7-n1n2.mapjitter.klw	log	cspl7	n1n2	independent	n2	vertex	23.440714911422706	0.1754723369272165	0.22023851896741536	0.2668186104885273	
log-cspl7-n1n2.mapjitter.klw	log	cspl7	n1n2	independent	n2	vertex	25.16782724947517	0.1763619657325401	0.21615333299926132	0.257209937069692	
log-cspl7-n1n2.mapjitter.klw	log	cspl7	n1n2	independent	n2	vertex	27.0221932587371	0.17411384822843964	0.2127757185229976	0.2521535757398905	
log-cspl7-n1n2.mapjitter.klw	log	cspl7	n1n2	independent	n2	vertex	29.01318899221878	0.1729538710422878	0.2122597361153578	0.2517297600743687	
log-cspl7-n1n2.mapjitter.klw	log	cspl7	n1n2	independent	n2	vertex	31.150881330701633	0.1762283395707141	0.21548045557172857	0.2544177888134109	
log-cspl7-n1n2.mapjitter.klw	log	cspl7	n1n2	independent	n2	vertex	33.44607888294205	0.1823639599502952	0.22136392353988327	0.2605187011505845	
log-cspl7-n1n2.mapjitter.klw	log	cspl7	n1n2	independent	n2	vertex	35.910386636203285	0.1887101802676482	0.22907057489571853	0.2704386514792726	
log-cspl7-n1n2.mapjitter.klw	log	cspl7	n1n2	independent	n2	vertex	38.55626463343953	0.19379107527193376	0.23760905681688968	0.2837752659807887	
log-cspl7-n1n2.mapjitter.klw	log	cspl7	n1n2	independent	n2	vertex	41.397090973816184	0.19694040747960811	0.24607082367680014	0.298133896281029	
log-cspl7-n1n2.mapjitter.klw	log	cspl7	n1n2	independent	n2	vertex	44.44722945510957	0.1992234397505136	0.2538425026040585	0.3112909637561354	
log-cspl7-n1n2.mapjitter.klw	log	cspl7	n1n2	independent	n2	vertex	47.722102200000165	0.20209909054527042	0.260874041339919	0.32204713349361813	
log-cspl7-n1n2.mapjitter.klw	log	cspl7	n1n2	independent	n2	vertex	51.23826763347237	0.20588181634475144	0.26706350081272534	0.33082762123886794	
log-cspl7-n1n2.mapjitter.klw	log	cspl7	n1n2	independent	n2	vertex	55.01350420559078	0.21045199932890082	0.272534883970983	0.3373740495556536	
log-cspl7-n1n2.mapjitter.klw	log	cspl7	n1n2	independent	n2	vertex	59.0669002829722	0.2151745292829859	0.27738420124663354	0.34213453605920996	
log-cspl7-n1n2.mapjitter.klw	log	cspl7	n1n2	independent	n2	vertex	63.4189506634631	0.2203529931837558	0.2815648848069184	0.3457536257784579	
log-cspl7-n1n2.mapjitter.klw	log	cspl7	n1n2	independent	n2	vertex	68.0916602020204	0.22549896251307508	0.28515128419370767	0.3489308221091781	
log-cspl7-n1n2.mapjitter.klw	log	cspl7	n1n2	independent	n2	vertex	73.10865507174931	0.22984087562419353	0.2882922776079913	0.3521914013627762	
log-cspl7-n1n2.mapjitter.klw	log	cspl7	n1n2	independent	n2	vertex	78.49530222265639	0.23266927273987975	0.2908993865450574	0.35655224332726587	
log-cspl7-n1n2.mapjitter.klw	log	cspl7	n1n2	independent	n2	vertex	84.27883764212618	0.23395301923599782	0.29321260995324183	0.3620063883910254	
log-cspl7-n1n2.mapjitter.klw	log	cspl7	n1n2	independent	n2	vertex	90.48850406563211	0.23337749845272082	0.29521001792865464	0.3694662510518644	
log-cspl7-n1n2.mapjitter.klw	log	cspl7	n1n2	independent	n2	vertex	97.15569883397539	0.2301414882081493	0.29688601190907843	0.3782077326361252	
log-cspl7-n1n2.mapjitter.klw	log	cspl7	n1n2	independent	n2	vertex	104.31413264464811	0.22488014400343703	0.29867192491669003	0.3889366412357028	
log-cspl7-n1n2.mapjitter.klw	log	cspl7	n1n2	independent	n2	vertex	111.99999999999996	0.21843428901479803	0.3004968950499831	0.4009615750071643	
log-cspl7-n1n2.mapjitter.klw	log	cspl7	n1n2	independent	n2	delta_pct	6.999999999999999	-17.226887005844745	14.998719264653015	59.74831401467795	
log-cspl7-n1n2.mapjitter.klw	log	cspl7	n1n2	independent	n2	delta_pct	7.515760138376834	-11.3260692503932	15.681798121640378	51.09378551613449	
log-cspl7-n1n2.mapjitter.klw	log	cspl7	n1n2	independent	n2	delta_pct	8.069521493944878	-9.915802417436556	16.480411082196156	51.39551677532235	
log-cspl7-n1n2.mapjitter.klw	log	cspl7	n1n2	independent	n2	delta_pct	8.664083997137997	-11.466256382654588	17.68874077351863	57.707318341752675	
log-cspl7-n1n2.mapjitter.klw	log	cspl7	n1n2	independent	n2	delta_pct	9.302453877319767	-12.756243989598605	19.234843429063343	64.63558359971942	
log-cspl7-n1n2.mapjitter.klw	log	cspl7	n1n2	independent	n2	delta_pct	9.987858862892702	-11.606402393058563	21.36336201524925	68.24112120223333	
log-cspl7-n1n2.mapjitter.klw	log	cspl7	n1n2	independent	n2	delta_pct	10.723764501351818	-7.899037196403586	23.940949312755322	67.37276908250715	
log-cspl7-n1n2.mapjitter.klw	log	cspl7	n1n2	independent	n2	delta_pct	11.513891681800072	-4.63975081570663	26.42880182417846	68.32792105316135	
log-cspl7-n1n2.mapjitter.klw	log	cspl7	n1n2	independent	n2	delta_pct	12.36223544852308	-5.344368829516393	27.679728740760012	73.31120144163766	
log-cspl7-n1n2.mapjitter.klw	log	cspl7	n1n2	independent	n2	delta_pct	13.273085200748401	-9.460380611162337	26.412920563363897	77.47071284138077	
log-cspl7-n1n2.mapjitter.klw	log	cspl7	n1n2	independent	n2	delta_pct	14.25104638072347	-13.615773857862063	21.557023406589693	72.2817991429531	
log-cspl7-n1n2.mapjitter.klw	log	cspl7	n1n2	independent	n2	delta_pct	15.301063759771553	-16.35457153814126	13.87866321306781	55.98056857110031	
log-cspl7-n1n2.mapjitter.klw	log	cspl7	n1n2	independent	n2	delta_pct	16.428446440064768	-19.099708109604023	5.944516378372744	39.73860208232453	
log-cspl7-n1n2.mapjitter.klw	log	cspl7	n1n2	independent	n2	delta_pct	17.638894698528226	-22.56967843648595	-0.5700889305341683	29.367911050297852	
log-cspl7-n1n2.mapjitter.klw	log	cspl7	n1n2	independent	n2	delta_pct	18.93852880860355	-26.05978413077867	-4.824099114413	24.591921110567526	
log-cspl7-n1n2.mapjitter.klw	log	cspl7	n1n2	independent	n2	delta_pct	20.33391998560055	-27.091167854000382	-6.291430392760761	22.565775036007643	
log-cspl7-n1n2.mapjitter.klw	log	cspl7	n1n2	independent	n2	delta_pct	21.832123612102944	-24.456560404046936	-4.901656041484453	21.292122022690624	
log-cspl7-n1n2.mapjitter.klw	log	cspl7	n1n2	independent	n2	delta_pct	23.440714911422706	-19.310538046376987	-1.6071062566618999	21.237475385654736	
log-cspl7-n1n2.mapjitter.klw	log	cspl7	n1n2	independent	n2	delta_pct	25.16782724947517	-14.101967714101765	2.5370679598209045	23.111249231231934	
log-cspl7-n1n2.mapjitter.klw	log	cspl7	n1n2	independent	n2	delta_pct	27.0221932587371	-10.883238186395648	6.407418246297347	27.20105765997715	
log-cspl7-n1n2.mapjitter.klw	log	cspl7	n1n2	independent	n2	delta_pct	29.01318899221878	-9.661485803593614	8.639410574162497	30.5827140244293	
log-cspl7-n1n2.mapjitter.klw	log	cspl7	n1n2	independent	n2	delta_pct	31.150881330701633	-9.288241088936243	8.706119250930445	30.391938235339268	
log-cspl7-n1n2.mapjitter.klw	log	cspl7	n1n2	independent	n2	delta_pct	33.44607888294205	-9.800171742450438	7.274448212372631	27.573360483402467	
log-cspl7-n1n2.mapjitter.klw	log	cspl7	n1n2	independent	n2	delta_pct	35.910386636203285	-11.09487561506108	4.951102278739983	24.15339119549462	
log-cspl7-n1n2.mapjitter.klw	log	cspl7	n1n2	independent	n2	delta_pct	38.55626463343953	-13.361586212458555	2.417820570683893	21.583667856985265	
log-cspl7-n1n2.mapjitter.klw	log	cspl7	n1n2	independent	n2	delta_pct	41.397090973816184	-16.08956625816058	0.08529260507826875	20.180522542041228	
log-cspl7-n1n2.mapjitter.klw	log	cspl7	n1n2	independent	n2	delta_pct	44.44722945510957	-18.36587756671208	-1.7304814935800161	19.388613513217816	
log-cspl7-n1n2.mapjitter.klw	log	cspl7	n1n2	independent	n2	delta_pct	47.722102200000165	-19.929284490005553	-3.0693032155397204	18.52252722877209	
log-cspl7-n1n2.mapjitter.klw	log	cspl7	n1n2	independent	n2	delta_pct	51.23826763347237	-20.849036249811526	-3.975679486450301	17.75699148981491	
log-cspl7-n1n2.mapjitter.klw	log	cspl7	n1n2	independent	n2	delta_pct	55.01350420559078	-21.14855239728218	-4.555561894664079	16.925799343073727	
log-cspl7-n1n2.mapjitter.klw	log	cspl7	n1n2	independent	n2	delta_pct	59.0669002829722	-20.970224024730328	-4.861396573473121	16.03139413962961	
log-cspl7-n1n2.mapjitter.klw	log	cspl7	n1n2	independent	n2	delta_pct	63.4189506634631	-20.50004948667344	-4.87834204002644	15.176885454453256	
log-cspl7-n1n2.mapjitter.klw	log	cspl7	n1n2	independent	n2	delta_pct	68.0916602020204	-19.788188997801207	-4.685153499087125	14.571967986271007	
log-cspl7-n1n2.mapjitter.klw	log	cspl7	n1n2	independent	n2	delta_pct	73.10865507174931	-19.213213065534404	-4.306477790212765	14.484969526409904	
log-cspl7-n1n2.mapjitter.klw	log	cspl7	n1n2	independent	n2	delta_pct	78.49530222265639	-18.876813814141116	-3.7944298669202126	15.099828208719895	
log-cspl7-n1n2.mapjitter.klw	log	cspl7	n1n2	independent	n2	delta_pct	84.27883764212618	-18.86603321835767	-3.1385954207464204	16.57083713024337	
log-cspl7-n1n2.mapjitter.klw	log	cspl7	n1n2	independent	n2	delta_pct	90.48850406563211	-19.31077837306631	-2.3936487805699844	18.99224994773912	
log-cspl7-n1n2.mapjitter.klw	log	cspl7	n1n2	independent	n2	delta_pct	97.15569883397539	-20.07918818498944	-1.5730099517580642	22.607762712636106	
log-cspl7-n1n2.mapjitter.klw	log	cspl7	n1n2	independent	n2	delta_pct	104.31413264464811	-21.257489786950817	-0.7318566266940107	27.14246190133242	
log-cspl7-n1n2.mapjitter.klw	log	cspl7	n1n2	independent	n2	delta_pct	111.99999999999996	-22.515557480871774	0.1982297484898421	32.337695502847794	
log-cspl7-n1n2.mapjitter.klw	log	cspl7	n1n2	independent	n2	delta	6.999999999999999	-0.035500453321737985	0.026036011558135966	0.08972084952208338	0.8022361111111111
log-cspl7-n1n2.mapjitter.klw	log	cspl7	n1n2	independent	n2	delta	7.515760138376834	-0.022552938905578763	0.027261859442236733	0.07854078771122122	0.8611527777777778
log-cspl7-n1n2.mapjitter.klw	log	cspl7	n1n2	independent	n2	delta	8.069521493944878	-0.019223447550777806	0.028666825167953824	0.07813370702377476	0.8786666666666667
log-cspl7-n1n2.mapjitter.klw	log	cspl7	n1n2	independent	n2	delta	8.664083997137997	-0.022510744975393283	0.030358695059801558	0.0847164208480593	0.8694166666666666
log-cspl7-n1n2.mapjitter.klw	log	cspl7	n1n2	independent	n2	delta	9.302453877319767	-0.025284354164320462	0.03258847074308996	0.09173956965652531	0.8649583333333334
log-cspl7-n1n2.mapjitter.klw	log	cspl7	n1n2	independent	n2	delta	9.987858862892702	-0.02219335124528573	0.03535711716934166	0.09445354601163923	0.8843055555555556
log-cspl7-n1n2.mapjitter.klw	log	cspl7	n1n2	independent	n2	delta	10.723764501351818	-0.014552778064395522	0.03859555451670563	0.09243508728755262	0.9230694444444445
log-cspl7-n1n2.mapjitter.klw	log	cspl7	n1n2	independent	n2	delta	11.513891681800072	-0.008253913979560268	0.041542409417008985	0.09148858276752081	0.9497222222222222
log-cspl7-n1n2.mapjitter.klw	log	cspl7	n1n2	independent	n2	delta	12.36223544852308	-0.009566080795327031	0.042737586097716954	0.09541615173048903	0.9458888888888889
log-cspl7-n1n2.mapjitter.klw	log	cspl7	n1n2	independent	n2	delta	13.273085200748401	-0.01724337498006144	0.04077564627331377	0.09963964410083481	0.9175555555555556
log-cspl7-n1n2.mapjitter.klw	log	cspl7	n1n2	independent	n2	delta	14.25104638072347	-0.025655088011351062	0.0345636788812092	0.0961071668009568	0.8705972222222222
log-cspl7-n1n2.mapjitter.klw	log	cspl7	n1n2	independent	n2	delta	15.301063759771553	-0.03257937995819541	0.023834078856743657	0.08162473939649785	0.7979444444444445
log-cspl7-n1n2.mapjitter.klw	log	cspl7	n1n2	independent	n2	delta	16.428446440064768	-0.040231414257088774	0.011098291433766075	0.06324337272162113	0.6651527777777778
log-cspl7-n1n2.mapjitter.klw	log	cspl7	n1n2	independent	n2	delta	17.638894698528226	-0.05162371183856699	-0.0011510346925780873	0.05042038774957885	0.4822222222222222
log-cspl7-n1n2.mapjitter.klw	log	cspl7	n1n2	independent	n2	delta	18.93852880860355	-0.06412928827081178	-0.010258222161950839	0.044237288560994785	0.3519861111111111
log-cspl7-n1n2.mapjitter.klw	log	cspl7	n1n2	independent	n2	delta	20.33391998560055	-0.06913049459813594	-0.013902011384796922	0.04171478398240793	0.30966666666666665
log-cspl7-n1n2.mapjitter.klw	log	cspl7	n1n2	independent	n2	delta	21.832123612102944	-0.062135586491803306	-0.010901212928782586	0.04046031088870469	0.3377361111111111
log-cspl7-n1n2.mapjitter.klw	log	cspl7	n1n2	independent	n2	delta	23.440714911422706	-0.047758391993149706	-0.0035302466831159535	0.04087447967381579	0.4368888888888889
log-cspl7-n1n2.mapjitter.klw	log	cspl7	n1n2	independent	n2	delta	25.16782724947517	-0.03356248207369128	0.00544699992129595	0.044456738233251185	0.6083888888888889
log-cspl7-n1n2.mapjitter.klw	log	cspl7	n1n2	independent	n2	delta	27.0221932587371	-0.025323596096014988	0.013581070675823079	0.052240790785270656	0.7572777777777778
log-cspl7-n1n2.mapjitter.klw	log	cspl7	n1n2	independent	n2	delta	29.01318899221878	-0.022211408273644706	0.01823569384918701	0.05834475783004094	0.8175277777777777
log-cspl7-n1n2.mapjitter.klw	log	cspl7	n1n2	independent	n2	delta	31.150881330701633	-0.02186179791932032	0.01870833239682068	0.05867181693281452	0.8235694444444445
log-cspl7-n1n2.mapjitter.klw	log	cspl7	n1n2	independent	n2	delta	33.44607888294205	-0.023511355471910828	0.016089787068085976	0.05481783335314553	0.7933888888888889
log-cspl7-n1n2.mapjitter.klw	log	cspl7	n1n2	independent	n2	delta	35.910386636203285	-0.027915392605052727	0.011322431026428978	0.04950634550706378	0.7217361111111111
log-cspl7-n1n2.mapjitter.klw	log	cspl7	n1n2	independent	n2	delta	38.55626463343953	-0.03546855594571674	0.005714194298886921	0.045329623275005115	0.6115833333333334
log-cspl7-n1n2.mapjitter.klw	log	cspl7	n1n2	independent	n2	delta	41.397090973816184	-0.044868166446620936	0.0002053050215871377	0.043158946618613026	0.5041388888888889
log-cspl7-n1n2.mapjitter.klw	log	cspl7	n1n2	independent	n2	delta	44.44722945510957	-0.05331721831575076	-0.004358898243260592	0.04221305217530456	0.4259027777777778
log-cspl7-n1n2.mapjitter.klw	log	cspl7	n1n2	independent	n2	delta	47.722102200000165	-0.059672969797726176	-0.007969294436686189	0.04128012942781306	0.3731527777777778
log-cspl7-n1n2.mapjitter.klw	log	cspl7	n1n2	independent	n2	delta	51.23826763347237	-0.06380376282902112	-0.010584758883420142	0.04038893051301499	0.3393333333333333
log-cspl7-n1n2.mapjitter.klw	log	cspl7	n1n2	independent	n2	delta	55.01350420559078	-0.06600743090483847	-0.012402247614704917	0.03928710698246805	0.3158888888888889
log-cspl7-n1n2.mapjitter.klw	log	cspl7	n1n2	independent	n2	delta	59.0669002829722	-0.06649896210478631	-0.013393529646070157	0.03793358632221784	0.300625
log-cspl7-n1n2.mapjitter.klw	log	cspl7	n1n2	independent	n2	delta	63.4189506634631	-0.06582076789910209	-0.013729117892558984	0.036708410081521065	0.2931111111111111
log-cspl7-n1n2.mapjitter.klw	log	cspl7	n1n2	independent	n2	delta	68.0916602020204	-0.06454134049643473	-0.013362708185325256	0.03595858940907421	0.2943472222222222
log-cspl7-n1n2.mapjitter.klw	log	cspl7	n1n2	independent	n2	delta	73.10865507174931	-0.06338850210990864	-0.012407494710118178	0.03635334571214617	0.30694444444444446
log-cspl7-n1n2.mapjitter.klw	log	cspl7	n1n2	independent	n2	delta	78.49530222265639	-0.0628360107289122	-0.010986968311834572	0.03805319131047123	0.33069444444444446
log-cspl7-n1n2.mapjitter.klw	log	cspl7	n1n2	independent	n2	delta	84.27883764212618	-0.06408911401924558	-0.009172385401250122	0.04203979081590438	0.3644027777777778
log-cspl7-n1n2.mapjitter.klw	log	cspl7	n1n2	independent	n2	delta	90.48850406563211	-0.06692155498691511	-0.00699588005023008	0.04831633890759504	0.40334722222222225
log-cspl7-n1n2.mapjitter.klw	log	cspl7	n1n2	independent	n2	delta	97.15569883397539	-0.07103753493369028	-0.004670136886492399	0.05671879227249432	0.4404722222222222
log-cspl7-n1n2.mapjitter.klw	log	cspl7	n1n2	independent	n2	delta	104.31413264464811	-0.07692159237744584	-0.002174154985838672	0.06693177329896167	0.47497222222222224
log-cspl7-n1n2.mapjitter.klw	log	cspl7	n1n2	independent	n2	delta	111.99999999999996	-0.08380797663694754	0.0005886278876121587	0.07837854987302827	0.5060138888888889
log-cspl7-n1n2.mapjitter.klw	log	cspl7	n1n2	independent	n1	delta_pct	6.999999999999999	-18.313259719548103	7.560173242930313	43.262181877013354	
log-cspl7-n1n2.mapjitter.klw	log	cspl7	n1n2	independent	n1	delta_pct	7.515760138376834	-16.141740457489675	3.962524392981026	29.573339702645104	
log-cspl7-n1n2.mapjitter.klw	log	cspl7	n1n2	independent	n1	delta_pct	8.069521493944878	-17.5719744631751	1.3711621044069977	24.7443746131261	
log-cspl7-n1n2.mapjitter.klw	log	cspl7	n1n2	independent	n1	delta_pct	8.664083997137997	-20.021955598410315	0.17019092431060923	25.381880517722063	
log-cspl7-n1n2.mapjitter.klw	log	cspl7	n1n2	independent	n1	delta_pct	9.302453877319767	-20.58410864640696	0.6549761422520617	27.65821531625494	
log-cspl7-n1n2.mapjitter.klw	log	cspl7	n1n2	independent	n1	delta_pct	9.987858862892702	-17.86112856153789	3.3124599673713173	30.157213934131097	
log-cspl7-n1n2.mapjitter.klw	log	cspl7	n1n2	independent	n1	delta_pct	10.723764501351818	-11.76989317604278	8.179354386658467	33.077911800384086	
log-cspl7-n1n2.mapjitter.klw	log	cspl7	n1n2	independent	n1	delta_pct	11.513891681800072	-5.294003002152597	14.369562005127701	38.65980184670136	
log-cspl7-n1n2.mapjitter.klw	log	cspl7	n1n2	independent	n1	delta_pct	12.36223544852308	-1.1226824017067638	20.60678469278525	47.473949145726806	
log-cspl7-n1n2.mapjitter.klw	log	cspl7	n1n2	independent	n1	delta_pct	13.273085200748401	0.521177819880726	25.44847130347796	56.43338575536214	
log-cspl7-n1n2.mapjitter.klw	log	cspl7	n1n2	independent	n1	delta_pct	14.25104638072347	1.3881917427606167	27.36840917708644	60.00833792183313	
log-cspl7-n1n2.mapjitter.klw	log	cspl7	n1n2	independent	n1	delta_pct	15.301063759771553	1.8336831685735377	25.742214610210034	55.264412583813055	
log-cspl7-n1n2.mapjitter.klw	log	cspl7	n1n2	independent	n1	delta_pct	16.428446440064768	0.9326540954556328	21.693780708890046	46.7230184795576	
log-cspl7-n1n2.mapjitter.klw	log	cspl7	n1n2	independent	n1	delta_pct	17.638894698528226	-2.3450939999666107	16.468706164916004	38.83093652380209	
log-cspl7-n1n2.mapjitter.klw	log	cspl7	n1n2	independent	n1	delta_pct	18.93852880860355	-7.4073160462573675	11.219564645121027	33.41218159425998	
log-cspl7-n1n2.mapjitter.klw	log	cspl7	n1n2	independent	n1	delta_pct	20.33391998560055	-11.67057862928295	6.939203805332673	29.181484681167166	
log-cspl7-n1n2.mapjitter.klw	log	cspl7	n1n2	independent	n1	delta_pct	21.832123612102944	-13.185735599328195	4.113286470612443	24.687300638147736	
log-cspl7-n1n2.mapjitter.klw	log	cspl7	n1n2	independent	n1	delta_pct	23.440714911422706	-12.814941345081385	2.576035933945231	20.51988181481085	
log-cspl7-n1n2.mapjitter.klw	log	cspl7	n1n2	independent	n1	delta_pct	25.16782724947517	-12.51065078862248	1.8926760407146026	18.31250267747062	
log-cspl7-n1n2.mapjitter.klw	log	cspl7	n1n2	independent	n1	delta_pct	27.0221932587371	-13.228073982348358	1.6336107119652499	18.741361933942827	
log-cspl7-n1n2.mapjitter.klw	log	cspl7	n1n2	independent	n1	delta_pct	29.01318899221878	-14.205900094259832	1.358445673650266	19.31595059694265	
log-cspl7-n1n2.mapjitter.klw	log	cspl7	n1n2	independent	n1	delta_pct	31.150881330701633	-14.184028044942732	0.9209234797263433	18.43927995106271	
log-cspl7-n1n2.mapjitter.klw	log	cspl7	n1n2	independent	n1	delta_pct	33.44607888294205	-13.668698225334794	0.3832199367275413	16.597642187667194	
log-cspl7-n1n2.mapjitter.klw	log	cspl7	n1n2	independent	n1	delta_pct	35.910386636203285	-13.388589022309327	-0.22905963137223595	14.780606471085495	
log-cspl7-n1n2.mapjitter.klw	log	cspl7	n1n2	independent	n1	delta_pct	38.55626463343953	-13.995160494649575	-0.7873471230738838	14.111856852647724	
log-cspl7-n1n2.mapjitter.klw	log	cspl7	n1n2	independent	n1	delta_pct	41.397090973816184	-15.341146970122894	-1.3545647694242047	14.714823508966209	
log-cspl7-n1n2.mapjitter.klw	log	cspl7	n1n2	independent	n1	delta_pct	44.44722945510957	-16.862899640308477	-1.9335396403919736	15.661327390605353	
log-cspl7-n1n2.mapjitter.klw	log	cspl7	n1n2	independent	n1	delta_pct	47.722102200000165	-18.098974316941298	-2.4657544733135692	16.369739385051073	
log-cspl7-n1n2.mapjitter.klw	log	cspl7	n1n2	independent	n1	delta_pct	51.23826763347237	-18.935979908411145	-2.97274338354569	16.65174325267954	
log-cspl7-n1n2.mapjitter.klw	log	cspl7	n1n2	independent	n1	delta_pct	55.01350420559078	-19.499537266026834	-3.5038183944166192	16.29768177660499	
log-cspl7-n1n2.mapjitter.klw	log	cspl7	n1n2	independent	n1	delta_pct	59.0669002829722	-19.74464949254274	-4.007943792049207	15.504868226604437	
log-cspl7-n1n2.mapjitter.klw	log	cspl7	n1n2	independent	n1	delta_pct	63.4189506634631	-19.746016210486125	-4.510103093976008	14.39584921927873	
log-cspl7-n1n2.mapjitter.klw	log	cspl7	n1n2	independent	n1	delta_pct	68.0916602020204	-19.637116874190436	-4.983924123189809	13.03567930040185	
log-cspl7-n1n2.mapjitter.klw	log	cspl7	n1n2	independent	n1	delta_pct	73.10865507174931	-19.68483995990199	-5.429720222317396	11.729639234266202	
log-cspl7-n1n2.mapjitter.klw	log	cspl7	n1n2	independent	n1	delta_pct	78.49530222265639	-19.930457293800263	-5.8601909976118804	10.833893173301886	
log-cspl7-n1n2.mapjitter.klw	log	cspl7	n1n2	independent	n1	delta_pct	84.27883764212618	-20.665156217470205	-6.231088899835063	10.486864728758398	
log-cspl7-n1n2.mapjitter.klw	log	cspl7	n1n2	independent	n1	delta_pct	90.48850406563211	-21.861245124045865	-6.601027748574722	10.899684751283232	
log-cspl7-n1n2.mapjitter.klw	log	cspl7	n1n2	independent	n1	delta_pct	97.15569883397539	-23.48997352505934	-6.963287183030841	12.190154314909064	
log-cspl7-n1n2.mapjitter.klw	log	cspl7	n1n2	independent	n1	delta_pct	104.31413264464811	-25.434106065238243	-7.298327130543503	14.22960889597625	
log-cspl7-n1n2.mapjitter.klw	log	cspl7	n1n2	independent	n1	delta_pct	111.99999999999996	-27.610762498039577	-7.638816168032098	16.91191448334047	
log-cspl7-n1n2.mapjitter.klw	log	cspl7	n1n2	independent	n1	delta	6.999999999999999	-0.05540777007946015	0.01900135665506482	0.09303085715375146	0.6951527777777777
log-cspl7-n1n2.mapjitter.klw	log	cspl7	n1n2	independent	n1	delta	7.515760138376834	-0.049224784926848925	0.010622964178358257	0.07040008921710547	0.6357361111111111
log-cspl7-n1n2.mapjitter.klw	log	cspl7	n1n2	independent	n1	delta	8.069521493944878	-0.05560613754878677	0.0038262258035970387	0.062412180302211955	0.5511666666666667
log-cspl7-n1n2.mapjitter.klw	log	cspl7	n1n2	independent	n1	delta	8.664083997137997	-0.06635484180429727	0.0004945215627361055	0.06607264041458845	0.505875
log-cspl7-n1n2.mapjitter.klw	log	cspl7	n1n2	independent	n1	delta	9.302453877319767	-0.07133088667093947	0.0019804096088706646	0.07397887956804536	0.5224583333333334
log-cspl7-n1n2.mapjitter.klw	log	cspl7	n1n2	independent	n1	delta	9.987858862892702	-0.06313919644450344	0.010201262356951568	0.08256984757929745	0.6101111111111112
log-cspl7-n1n2.mapjitter.klw	log	cspl7	n1n2	independent	n1	delta	10.723764501351818	-0.0416504640047365	0.025557517855982537	0.09301382052917283	0.7774722222222222
log-cspl7-n1n2.mapjitter.klw	log	cspl7	n1n2	independent	n1	delta	11.513891681800072	-0.01837782378750702	0.04496511922743607	0.11048293281854973	0.9197083333333333
log-cspl7-n1n2.mapjitter.klw	log	cspl7	n1n2	independent	n1	delta	12.36223544852308	-0.003955997857949966	0.0641344483955047	0.13656163206630456	0.96725
log-cspl7-n1n2.mapjitter.klw	log	cspl7	n1n2	independent	n1	delta	13.273085200748401	0.0018077703885010347	0.07897914154264274	0.1618211580084225	0.977625
log-cspl7-n1n2.mapjitter.klw	log	cspl7	n1n2	independent	n1	delta	14.25104638072347	0.0048480491642079035	0.0851104129750371	0.17147301243048482	0.9809305555555555
log-cspl7-n1n2.mapjitter.klw	log	cspl7	n1n2	independent	n1	delta	15.301063759771553	0.0063556076926218	0.080594095092763	0.16038310834280756	0.9829722222222222
log-cspl7-n1n2.mapjitter.klw	log	cspl7	n1n2	independent	n1	delta	16.428446440064768	0.003262565634820664	0.06886882353093593	0.13829601361109156	0.9804861111111111
log-cspl7-n1n2.mapjitter.klw	log	cspl7	n1n2	independent	n1	delta	17.638894698528226	-0.008260742866698539	0.05269640931568434	0.1158847243385813	0.9554027777777778
log-cspl7-n1n2.mapjitter.klw	log	cspl7	n1n2	independent	n1	delta	18.93852880860355	-0.026332127826331337	0.03607768261448829	0.09954862747722688	0.8741388888888889
log-cspl7-n1n2.mapjitter.klw	log	cspl7	n1n2	independent	n1	delta	20.33391998560055	-0.041302562249127116	0.02226211944082257	0.08638847128228368	0.7542916666666667
log-cspl7-n1n2.mapjitter.klw	log	cspl7	n1n2	independent	n1	delta	21.832123612102944	-0.046207830629137	0.013111368177085109	0.07255506822662383	0.6696944444444445
log-cspl7-n1n2.mapjitter.klw	log	cspl7	n1n2	independent	n1	delta	23.440714911422706	-0.04406095347569133	0.008053673152016189	0.05971449385271999	0.6226805555555556
log-cspl7-n1n2.mapjitter.klw	log	cspl7	n1n2	independent	n1	delta	25.16782724947517	-0.0424238979551104	0.005834671919078271	0.05226198409023012	0.596625
log-cspl7-n1n2.mapjitter.klw	log	cspl7	n1n2	independent	n1	delta	27.0221932587371	-0.044670011142367454	0.004960990153195788	0.051590914946751096	0.580375
log-cspl7-n1n2.mapjitter.klw	log	cspl7	n1n2	independent	n1	delta	29.01318899221878	-0.04786650367063137	0.004077705548176991	0.05286009957092871	0.5658333333333333
log-cspl7-n1n2.mapjitter.klw	log	cspl7	n1n2	independent	n1	delta	31.150881330701633	-0.04764258999043601	0.002760204294409291	0.050614857740532274	0.5461111111111111
log-cspl7-n1n2.mapjitter.klw	log	cspl7	n1n2	independent	n1	delta	33.44607888294205	-0.045948961692980995	0.0011675615429490027	0.046059066585587304	0.5199861111111111
log-cspl7-n1n2.mapjitter.klw	log	cspl7	n1n2	independent	n1	delta	35.910386636203285	-0.04561675653366228	-0.0007117868240857361	0.04158730746555598	0.4874583333333333
log-cspl7-n1n2.mapjitter.klw	log	cspl7	n1n2	independent	n1	delta	38.55626463343953	-0.04882163818346591	-0.0024390587666356656	0.04003497599962701	0.45411111111111113
log-cspl7-n1n2.mapjitter.klw	log	cspl7	n1n2	independent	n1	delta	41.397090973816184	-0.05509702677095031	-0.00427201938151206	0.0417615367798512	0.42818055555555556
log-cspl7-n1n2.mapjitter.klw	log	cspl7	n1n2	independent	n1	delta	44.44722945510957	-0.06212281702806307	-0.006153601260010744	0.04431863824677531	0.4066111111111111
log-cspl7-n1n2.mapjitter.klw	log	cspl7	n1n2	independent	n1	delta	47.722102200000165	-0.0680887343183839	-0.007946664205509046	0.04612773535798226	0.38516666666666666
log-cspl7-n1n2.mapjitter.klw	log	cspl7	n1n2	independent	n1	delta	51.23826763347237	-0.07248165730430807	-0.009660468794566418	0.04676496559615827	0.3656111111111111
log-cspl7-n1n2.mapjitter.klw	log	cspl7	n1n2	independent	n1	delta	55.01350420559078	-0.07526937319036067	-0.011494072510685321	0.04628263303795968	0.3444583333333333
log-cspl7-n1n2.mapjitter.klw	log	cspl7	n1n2	independent	n1	delta	59.0669002829722	-0.07673939175322265	-0.013317186804272962	0.04446616670221248	0.3219444444444444
log-cspl7-n1n2.mapjitter.klw	log	cspl7	n1n2	independent	n1	delta	63.4189506634631	-0.07720186026133939	-0.015165907695533304	0.04158059273277459	0.29868055555555556
log-cspl7-n1n2.mapjitter.klw	log	cspl7	n1n2	independent	n1	delta	68.0916602020204	-0.07696039337105516	-0.016833026742322954	0.03815346874442463	0.2733333333333333
log-cspl7-n1n2.mapjitter.klw	log	cspl7	n1n2	independent	n1	delta	73.10865507174931	-0.07723279557104629	-0.018517889022962752	0.034879152743113595	0.247625
log-cspl7-n1n2.mapjitter.klw	log	cspl7	n1n2	independent	n1	delta	78.49530222265639	-0.0789674273150829	-0.020135349484368792	0.0326040135759075	0.228375
log-cspl7-n1n2.mapjitter.klw	log	cspl7	n1n2	independent	n1	delta	84.27883764212618	-0.08259735859068595	-0.021460972869084327	0.0317540714349075	0.21669444444444444
log-cspl7-n1n2.mapjitter.klw	log	cspl7	n1n2	independent	n1	delta	90.48850406563211	-0.08849147414439452	-0.022848756327137537	0.03308079189622649	0.213375
log-cspl7-n1n2.mapjitter.klw	log	cspl7	n1n2	independent	n1	delta	97.15569883397539	-0.09745493540152955	-0.02419812291324938	0.03671881930570634	0.21995833333333334
log-cspl7-n1n2.mapjitter.klw	log	cspl7	n1n2	independent	n1	delta	104.31413264464811	-0.10753351824733723	-0.025426154962078756	0.04233681505691426	0.23376388888888888
log-cspl7-n1n2.mapjitter.klw	log	cspl7	n1n2	independent	n1	delta	111.99999999999996	-0.11935844645702165	-0.02675042017997961	0.049554389482585205	0.24827777777777776
